0AF0
0C80
0896
07A7
06DE
040F
037F
0827
094A
05D7
0594
0471
0663
0899
0290
06D4
08AD
039E
0717
058A
0618
0AB6
0B87
0967
0671
08D5
0A46
094A
07C0
061C
08E8
098F
078E
07E4
086C
05D2
03BB
042F
002A
00C5
0248
0026
00A4
FDB6
FAB2
F734
F40E
F3F9
F142
F13E
F6A6
F76B
F557
F6F0
F924
FAA9
F914
F6C8
F758
F6A5
F68A
F6C7
F657
F77A
F9A2
F917
F7A8
F6E6
F54D
F737
F78F
F4C2
F2A8
F2A8
F83D
F7DC
F2C1
F204
F3C4
F2E1
F21D
F0F1
EE80
F166
F1D7
F34F
F78A
F66A
F223
F3E5
F582
F2C1
F291
F44B
F733
F6B5
F591
F814
FAE0
F995
F81E
FE52
0456
099A
0BFE
0E6A
135D
1053
0FC3
10E4
1018
0E1B
0A70
0ECF
0D65
0688
081C
0BDE
0C7B
0BAA
0F48
1305
13AF
1176
1015
13E6
1690
17DA
152E
143C
195A
1BC5
1C8C
1A6B
15F2
1333
11D0
0E71
0B9A
0B80
0C2E
0E43
1026
10CC
1423
14F4
12FA
1591
1711
181E
159D
14B3
178C
1724
16CF
1652
15BD
137D
132E
17AE
1BE9
1C20
1CA0
2374
276C
2358
2210
259E
260F
218E
1A8B
1B24
20A2
1AF4
15E9
1741
1919
1B17
182C
19FF
1E24
19F2
19DC
1DD8
1E0B
1D70
1B83
1C1E
1F1D
1EE9
1DB0
1F0A
1E68
1D04
1F83
20AE
1FDE
1EEE
21AD
247B
22B0
229D
23AD
24E7
23AF
22D2
272D
2797
252A
236F
222B
20A7
1A4B
15BF
156B
14D6
1442
155E
198D
1B01
17F2
16A5
1814
191F
1820
1618
16A1
1669
13BD
10F3
10B1
0FF2
0BF2
0AC8
0B95
0CD9
0BEE
0A24
084C
097B
0C61
0A48
07D6
04C2
03D3
0655
0405
FFD1
FE80
FFD5
0104
FF17
FF2D
FEBE
FF0B
FF50
FC38
FC62
FDE6
0135
0554
0A09
0C6F
0D22
0E92
0D37
0C06
0AD7
087E
07B4
06D5
044D
012A
FEFE
0081
01B5
02D2
01E9
027B
05EE
06FF
0912
09CE
08F3
08EB
0AA7
0A7A
098F
09A6
0B80
0BB8
0995
0D5A
0E09
0BBC
0BFA
0A71
0BA3
0D96
0D8C
0A24
0A50
0F6E
0E2F
0C1B
0C37
0CDB
0D2A
0AFF
0BB7
0D16
0C47
0922
0507
0451
01E6
FE61
0099
0047
FC27
FDB5
009F
0157
01AD
0367
06B8
058F
015B
02BD
05AC
02D9
FFC4
00D0
02B5
0219
FEDF
FD12
FD3F
FDB0
004D
0071
FE21
FD8D
FA94
FAF3
FB8C
F75C
FB59
0182
03DB
068D
088A
09AC
06B8
03A2
049B
02DE
FD9D
FCA6
FE47
FCBA
FA2D
F841
F861
FA12
F9CD
F78F
F935
FD0E
FBB0
F9B7
FB3A
FE50
FEE4
FE0F
FE95
FCD1
FC46
FFA9
00D2
FE81
FD66
FF32
016A
00AC
FF44
FEBE
FA08
F5BA
F364
F1D5
EF1E
EC29
ED64
ECCB
EC13
EBC3
EC67
EEF3
EEAB
EF26
F18D
F0B5
EEE6
EDA4
EC27
EB06
E916
E7D3
E63C
E586
E5EF
E6B0
E7BC
E639
E812
EDEF
F1BA
F231
F225
F4D4
F65E
F598
F203
EF69
EEFE
EDE6
E9BA
E640
E7E0
E8EC
E7DD
E740
E7B1
E6BC
E8E0
EC22
EB26
E8F1
E708
E9F0
ED7F
EB8E
E867
E90F
EDA5
EF35
EC1C
E96B
EC15
EE69
EDB6
ED57
EC35
ED6E
EFA3
EFF3
F04F
F023
EEF7
EE18
ECE5
EDA0
EE51
ED12
EDF1
EE8B
ECB0
ECB1
EDED
ED54
EC21
E949
E6B1
E56D
E2CE
DF11
DC84
DC3C
DE21
DF8A
E175
E441
E47D
E553
E451
E55F
E7C1
E75F
E895
E709
E692
E965
E7FF
E561
E4CE
E5E4
E85C
E6F5
E27C
E335
E7DF
E9D4
E631
E3F0
E7D9
EA89
E7E3
E3DD
E5D7
E8F8
E8DE
E981
E9F1
EA53
EA8B
E99D
E941
EBDD
EDDC
EBFE
EC71
ED32
ECAF
EFA4
EF94
EE85
F10E
F20F
F06E
EF50
F0AC
F19A
F176
F116
F224
F2DF
F3EB
F5FB
F582
F457
F48A
F6E0
F9DA
FAA1
FE10
04A9
07C6
0A41
0AD3
0C03
0CCD
0A1B
0B78
0ABF
05C2
05C6
07D4
06D3
09BD
0E12
0E4E
10CF
11DB
10FF
12DD
1323
14A0
1546
138E
1616
17D0
1570
136D
1551
1706
1583
1458
13C9
15C5
16C8
15AB
15C0
15CD
1816
197C
1901
17D0
1987
1B62
19BC
1AEA
1B23
1C12
203C
1F26
1BBD
1D78
1EDD
1EED
1E15
1D09
2004
20F9
1E2D
1DBF
1F2B
205F
211B
2021
1F01
1F70
2071
1E46
1DE3
1F5B
1E78
1F9A
2094
20B1
1F57
1EB0
1F61
1EDE
1F54
1DCF
1ABE
18C1
1686
15FB
1411
1084
110D
1282
12CD
131C
13B5
1592
159C
1473
1470
1540
1651
1561
1429
130D
1254
1305
104A
0E5A
0EAA
0F7B
0F98
0D48
0C41
0D24
0DEB
0B80
0B22
0D04
0CEC
0A8F
06D2
05F6
0976
0C43
07F9
03BA
042D
04D6
0621
047A
0203
0216
02F6
0322
03B0
02DC
01D1
0607
0BCB
105E
11B9
136D
17F1
1A10
187F
15C2
1537
14BC
12A2
102F
0E38
0E5D
0EFB
0E78
0CD0
0CFA
103C
1267
11C4
0FCD
10C0
12D5
1282
12AF
12AD
1211
0FFB
0D52
0BD9
0848
044F
01DC
0082
018E
02D0
0236
03D7
0786
085A
0959
095F
0837
0987
0A19
09F2
074D
0405
057F
04AB
0137
0157
02B9
0491
06A5
0980
0CEB
0EF7
1013
100F
0DE7
0BEC
0A6D
07DB
0761
054F
0168
00D5
0177
00DE
FF13
FEF6
01A7
00CC
FFB9
0209
022A
037F
02CE
0138
004D
FEFC
01C3
035E
0327
0217
022C
0407
025C
0126
013B
0142
0196
0383
03DB
0058
00E7
027F
00ED
0078
0160
0149
FF1C
FE0F
FF60
FF99
FAB0
F571
F472
F2D4
EF26
ECD8
EE1D
EF3B
EE9B
EE78
EFFE
F310
F3C3
F21A
F28E
F538
F4CF
F09D
EED9
F024
EFE1
ED71
EB2A
EA14
EC49
ECF7
E9C7
E790
E7A2
EA71
E8CB
E476
E4A0
E521
E76C
E6CE
E2C4
E452
E586
E3DC
E43C
E2F2
E136
E2A4
E328
E272
E153
E01F
E06D
E2EC
E3D9
E46D
E840
EAE5
ED76
F1AE
F3DA
F46D
F614
F56B
F27C
F0E7
EF9D
EE04
ED2A
EC1C
EA4F
EA0E
ECA4
EDE0
EB64
EC26
EEA2
EE51
F089
F20A
F161
F464
F5DE
F3F5
F451
F5D3
F7A6
F8FA
F6CC
F635
F893
F77B
F649
F830
F9FE
FBA1
FA0B
F866
FB69
FC14
FAD0
F9D3
F8B9
FA11
F9AD
F4CC
F1A3
F105
EF9A
EEA9
EBFC
E931
EA99
EC9C
ECF3
ED50
EE4C
EEE4
EFAA
F14B
F289
F242
F018
EF3F
EFE9
F001
F0A3
EFDC
EEFB
F0B9
EFE9
EC27
EBAF
ECB6
ED13
EEB8
EDE8
ECD6
EED1
F100
F756
FBA6
FA7E
FD95
FECE
FC45
FAEA
F7A2
F573
F625
F5AF
F295
F202
F29B
F106
F2AE
F47B
F4A6
F5A7
F632
F7E2
F8B2
F8EA
FA8C
FB65
FB58
FCA8
FD34
FD1A
FF69
FFA8
FE93
FFA7
FFAE
001A
01E7
0158
00BE
0040
FEEB
FC2D
F8C3
F7F5
F684
F740
F9D7
F94D
FAF9
FCFD
FDFE
00EF
005D
FFF8
0328
0434
02BA
004C
00DE
0307
0181
FF9F
FE50
FDF1
FF0E
0029
007E
FEF1
0090
03D5
0521
08E6
0D51
1052
119A
127D
144C
1379
115B
0EBE
0C80
0BBF
0951
0660
0679
0993
0B33
0AB2
091F
0929
0CA2
0EFD
1031
108C
10FE
13C0
13E3
12EE
148E
1425
1580
1785
157E
1532
161E
1457
13C5
16BA
175C
14DB
13FE
1456
12EB
12C2
122D
10C0
128D
1278
0FA4
0F71
1095
0F9D
0F5B
0FE5
0FDD
11C3
1341
12E1
12CD
11EA
0EDA
0AC4
0872
0714
03D2
0213
025A
0167
0100
0125
0262
04CB
0647
0748
07FC
08C8
07C4
06A2
06FB
05DC
05EE
05AB
045F
04D1
033D
0238
0284
FFF7
FEFA
00D1
004C
FE2B
0022
01E9
FFBF
FE27
FE7B
FFE3
FE85
FCA0
FE24
FD25
F9B5
F865
F88E
F873
F669
F509
F649
F6F0
F75D
F818
F8F1
FB8B
FD2D
FCB1
FC16
FE0C
02FF
05F6
036B
00C1
03AB
056D
031D
0019
FDA6
FED3
0172
0470
0582
084B
0E1E
0FBF
0E56
0DA0
0DA1
0A63
0708
0579
031A
FFB2
FCDD
FAC5
FA74
FB5A
FC32
FD28
FBDC
FCCC
015C
038B
0264
0246
0463
0583
02F9
00DF
0251
FFFA
FD05
FE4C
FD64
FD84
FF86
FD7B
FB2F
FCD7
FD89
FBA2
FB37
FC13
FC75
FCCE
FDA9
FE98
FFB1
FF3A
FD02
FE1C
00B5
FDA9
F95C
FA8B
FC68
FACA
F758
F51A
F517
F4E4
F52F
F42D
F144
F151
F329
F27C
F0C4
EFFB
F01C
F1A8
F135
EF10
EFB1
F0FF
F0B0
F035
EF07
EF5D
F13C
ED7E
E866
E813
E717
E59D
E488
E273
E2C8
E5A6
E653
E575
E631
E677
E6AD
E5FC
E3BD
E473
E4D8
E265
E050
DE86
DD3C
DCAF
DA79
D693
D5B1
D6B2
D611
D616
D685
D7E0
D883
D71E
D702
D6D6
D5F7
D685
D564
D37E
D54F
D4F7
D1FB
D2F5
D2A2
CFC9
D02D
D0BA
CF5A
D013
D081
D05E
D2D2
D5DE
DADC
DF18
E23C
E738
EA0C
EB94
EB1A
E84C
E642
E317
E097
DFBF
DDC4
DC03
DBA0
DB49
DDD7
DF6D
DCDA
DE60
E1A5
E2F5
E566
E685
E5AE
E4FE
E5DA
E595
E437
E416
E1D1
DE27
D9B3
D5F3
D52C
D3BE
D38E
D535
D752
DB22
DD13
DDF7
E027
E17F
E2E6
E410
E455
E48E
E405
E467
E551
E50D
E451
E2B5
E29F
E575
E730
E506
E3DE
E625
E6CD
E77C
E9E6
EC02
F016
F4A6
F651
F77D
F771
F5B3
F395
F088
ED2C
E999
E7A2
E6C8
E49E
E35D
E4F2
E6B6
E886
E91E
E985
EC6A
EEB4
F02F
F016
F02C
F1D8
F1BF
F208
F342
F48D
F574
F546
F5CD
F6FD
F72C
F6D4
F85D
FA2D
FA9C
FBF6
FF5E
00B4
FF15
FFCD
0242
045C
0455
034F
056C
05C7
0436
02BA
FFDF
FD41
FA4F
F857
F916
FAEE
FA8E
FA7A
FF0C
01A1
018A
030D
04E3
0735
0729
0546
068B
066D
057F
05C4
033F
028E
03CC
03C3
025C
007E
0007
00DB
0155
00ED
00EE
01B7
029A
0330
041B
02CC
0118
02BD
00CD
FF0F
0096
FD97
FB9B
FBB4
FB26
FC31
FB00
F9EB
FB72
FC35
FC2C
FD4E
FE21
FE97
FE1F
FD68
FFD2
00D4
FFB6
01CA
05BE
07C3
08C8
09D5
0B89
108B
1475
13E8
1683
19B1
1702
14D1
13D7
120B
1188
0FAF
0C7B
0CE9
0E46
0D3B
0D44
0E05
0FA7
1314
1480
154C
16B2
1649
1766
1874
160D
1677
177F
147B
14EF
168B
14B4
13D1
122E
106C
0E13
0ADF
0B30
0BF8
0A61
0953
0B00
0C4C
0C03
0D80
0EE9
0FC0
109B
105A
10BB
1033
0F0F
0FCE
0E69
0C93
0CB5
0B2E
0BAD
0F6E
131B
1513
17DD
1DE6
20F9
1FFB
1ED7
1E69
1CAB
1812
143A
1138
1040
0FE8
0D42
0CFF
0D19
0C53
0DB2
0E08
0D1D
0D43
0D97
0D5F
0D2C
0D51
0DCC
0E16
0EF4
0F49
0F57
10D3
1244
12DF
1196
10AE
12A1
1346
1052
0EDA
1083
117C
1004
0C73
09AC
06D0
0322
023C
01E7
0239
046D
06CA
0A35
0CDD
0DC6
0DFC
0DC9
0D6E
0C88
0B81
0AE9
0A3C
07D7
0650
074C
0734
0532
04B9
06FE
09A7
0CAF
1023
1364
1561
14EB
143A
14D8
14F1
123B
10A3
116B
1104
0F94
0EC8
0FCD
0FFC
0F7E
0E3E
0BC2
0912
070E
059E
0474
0516
0627
0802
0B36
0EB5
1447
1A39
1CA7
1D7E
1F05
1F11
1D43
1B27
18DF
17C0
1725
15A9
14D2
1470
1474
13E7
145C
1684
1641
1587
16CB
172A
157F
1539
160C
13D6
12A0
135E
138A
1392
1127
105E
1220
1073
0F15
0E7D
0AF7
076B
04EC
03AF
01BF
0048
019A
026F
0203
0165
013A
00A8
FFBB
FFA7
FF0C
FEAF
0034
00DA
0103
0274
02A9
03A5
049B
038C
03B9
034F
023C
0063
FF1F
FE61
FB3F
FB0F
FB86
FBA3
FB3B
F7D9
F8E3
FA28
FB2E
FE35
FE2B
0063
02ED
02D7
0342
0306
027A
0131
0153
00E4
FF20
00ED
00A3
FFB8
018E
0115
01E3
0415
0446
04CE
0448
04C6
07E9
078A
05FD
05FA
07D9
0CDB
1021
11C9
15D3
1B1F
1EC0
1FD6
1FDE
1F5F
1DD0
1B8F
1980
16EC
14F7
13C5
124B
11A5
1135
1025
0FE6
10D4
107F
1096
125F
14B7
1668
16E0
1880
1BB2
1F6C
21CB
238C
25C8
2577
2544
25B1
24FA
2593
23FE
2224
2382
2358
224F
2166
2143
22F0
228A
21DA
23B7
23AE
207E
2020
2092
1DD5
1CC4
1D69
1D3A
1D3E
1E56
1ECA
1E63
204C
22F1
22BD
2277
242D
24D4
244E
2373
207D
1F24
209F
1EC9
1BE9
1BDA
1C3B
1B36
1A7B
1B59
1B1D
1A40
1996
173B
1373
10CC
11B5
1302
12A0
1491
16D4
173F
19C8
1AE4
1991
1915
1838
194E
1915
1652
148A
1491
1528
12E3
1150
10B9
0F30
0F42
0E8A
0DA5
0E3C
0F14
10E1
1290
13C9
159F
15BE
15ED
1719
1629
1634
159B
1335
12BB
122C
102A
0DCD
0ACC
08E8
07E6
0591
0402
05CC
0A06
0F00
1380
15FC
182E
1B88
1CD3
1BF3
1B16
1A79
19D8
16BD
137E
144D
140B
11CB
120B
1318
150E
17FD
1961
1A9C
1D81
213E
219D
1FE4
20EA
2223
2380
23F4
22F0
2385
22DA
2017
1C19
17B3
13FC
0F70
0C64
0B4E
0AF1
0B06
0973
0A90
0CD9
0CE1
0EBD
10ED
1206
12D7
1459
16D7
185D
18F5
1A83
1CC8
1EC4
20C8
2170
2131
208B
1E63
1C84
1A20
1708
1533
15B6
17BD
19AA
1CB5
205E
21A2
208D
2009
206D
1DFB
1A14
1858
168F
1407
114A
0F6D
107F
100C
0DE8
0D2A
0C6A
0BFF
0B33
0A4E
096E
096A
0AA6
0B2E
0BCA
0CB8
0CF6
0CB9
0CBE
0C80
0BDA
0B10
0AC3
0BD5
0B92
0A19
0953
08DB
0779
05C9
0447
0231
017F
005E
FF69
FF2B
FD2F
FC2C
FB79
F974
F5D8
F163
EF98
EEE8
EDFB
EDFE
F06B
F4C0
F788
FAE6
FE98
008B
02D2
02C9
0088
FFB9
FE79
FBC7
F8B3
F601
F545
F46D
F36E
F220
F200
F286
F1CF
F36C
F3A3
F225
F2AD
F2D8
F25A
F31B
F333
F219
F25D
F1F2
EF8C
EE24
EDC7
EBF3
EA25
EA75
EBEF
ED2E
EC76
EC06
ECE3
ED6B
ED6C
ED51
EE1B
ECD1
EA67
EBC1
EF19
F07B
F113
F4D1
F9F1
FD67
FE90
FE59
FF58
00E3
006D
FD17
F945
F778
F632
F314
F023
EF46
EF86
EF69
EE43
EF4F
F29A
F469
F602
F8DC
F9C8
F9A0
FB3B
FD6D
FDF3
FE9D
0088
00C7
00B9
00F3
0094
0090
0027
019F
03F1
02ED
00BF
FE71
FC4C
FC3F
FB80
FA1E
F926
F804
FA50
FB80
FB57
FE16
FEDC
FF7E
00E7
005B
0131
0242
0181
0078
FF48
FFB0
00D6
009A
FF4E
FD71
FC9C
FAD3
F860
F784
F6FD
F857
F9F8
FAF2
FDE3
01DF
03D6
0384
0570
07EA
06F7
05A2
0469
01FB
0032
FF54
FDC2
FD9C
FE56
FE15
FEB2
FF35
FEA5
FEAD
0121
0147
FD7C
FCF6
FF8F
0208
01BC
0136
04D3
081E
0AE7
0CC7
0CE6
0E51
0B03
0373
FFD5
FC94
F7A5
F3E5
F262
F28C
F1E8
F079
EFD7
F1A5
F4BB
F549
F44C
F36C
F0C7
F011
F0B7
F171
F65E
FC0A
0019
00F3
FFB1
0101
00EC
FEB6
FD04
FB1F
F7FF
F40F
F0A2
EDD4
ECC6
EC44
EB50
EAF0
EAF5
EC35
EE9E
F268
F6E3
F870
F801
F964
F9C3
F827
F66E
F60C
F689
F334
F055
EF0F
EE7A
ED14
ECAF
ECE6
EBF3
EC6E
EAAA
EA9E
EA7F
EA42
EC47
EC3B
EF99
F2C1
F5A0
FB3E
FE7D
019A
03A6
04AC
039C
0076
FF3F
FCDB
FBC4
FD0C
FA95
F81A
F6E1
F5D3
F6EE
F61C
F424
F3B0
F32B
F0F7
EDCA
EDA8
ED46
ED0D
EE4A
EEF0
EFD1
EFF3
EE1C
EB48
EBFC
EC72
ECBA
EF35
F128
F42B
F788
F9D8
F921
F733
F59D
F446
F465
F345
F314
F1D4
F0F4
EF70
EC8E
EAF0
E950
E8ED
E8C5
E8FE
E814
E83D
E932
E994
E8F8
E7DA
E834
E6B1
E4C8
E2E6
E196
E1A8
E061
E100
E253
E2C7
E275
E105
E150
E0E3
DFA6
DDC7
DC1E
DBBE
DB50
DDAB
DDC8
DBF9
DCA4
DE2B
E041
E0F6
E0E7
E09D
E00B
E1A8
E41B
E7B5
EB6D
EE88
F1B5
F1B3
F3AC
F380
F131
F0AC
EC4D
E9FA
E9C4
E9AC
EB70
EB61
EBA4
EDF6
EE0D
F078
F39E
F3D2
F56B
F8FD
FBD0
FDE1
FFBE
0095
0438
0493
031E
02B7
02F7
01BB
FDC4
FD1B
FBAF
FA52
F9FC
FB52
FE89
FEDC
FE2C
FD51
FE68
FFB7
01B8
0355
01AB
0129
00CC
024F
03E8
0469
0502
056E
06D9
0764
07CF
06BE
047E
03C1
0307
03EC
04D6
0410
045B
0480
0440
02E5
0141
0139
0103
014A
023F
01AA
01B3
0298
01CD
0257
022F
00BF
FFF2
FF73
00B0
FE9C
FB11
F77C
F270
F074
EE28
EBB1
E992
E9D4
EB6A
ED07
F1E1
F731
FBA9
FC8A
FB68
FABC
F99A
F868
F6CE
F574
F31C
F135
F0FF
EFBF
EE98
ED9D
ED1B
ED29
ECDF
ED96
EE90
F0DC
F17B
F219
F3C5
F3D8
F5AE
F578
F298
F155
EF31
ECDD
ED43
EBA8
E8EB
E6F2
E652
E6B7
E7D6
EC00
F1E0
F9B6
00DA
05A2
07FC
08EA
08E7
0555
FFFB
FDAC
FC86
FAE9
FAA5
FAAB
FB8B
FA5A
F9FF
FDBA
0048
03AD
05BE
075D
0A37
09E0
0818
04CC
023C
0114
FE2F
F98A
F505
F1A5
EEE1
EC4F
EB3A
E9D7
EA59
EE12
EF93
F147
F365
F5A4
F7D3
F99A
FD0A
FD57
FDD8
FEAD
FDF2
FFBA
009A
00A1
FFFC
FFA0
FFED
0018
FEC0
FC04
FB69
FB7B
FB58
FD37
FFAB
01B4
04B9
06EA
0944
0B39
09AA
0948
08C4
07D2
0782
0564
041C
039C
0587
0947
0BB7
0B4B
0970
05CD
0800
1AE0
1A5A
1157
137D
0DBA
1194
1410
16DA
1B4E
1C08
209E
224A
23A5
235D
2202
21E6
225E
248C
271A
2BE8
306A
3513
39D4
3B76
3C17
3B85
3960
36A7
32DD
2ED8
2AE6
26BA
2216
1DCA
1B09
17B0
1447
116A
0F85
0EBB
0E92
0F5B
0EE4
0DF7
0DCF
0E8C
0F95
106F
11C3
12E5
1393
14AA
1486
1467
15FA
1671
1706
1827
18A8
18EF
1904
188E
17E0
16D0
15B2
150A
13DD
12E2
12FF
13F3
14C1
14BD
13B9
12D9
1185
103F
1038
10EE
1185
125D
148E
1664
17AB
17DC
1774
165C
13F6
109B
0F23
1027
12FD
1703
17D9
1743
1572
1261
0FEB
0CEB
092A
0463
00B4
011E
0537
0AD6
0F63
118E
1105
0C60
054E
010F
0177
0568
0C30
15DB
220C
2CD6
338C
3643
32C5
2787
181B
0AF3
0208
FC81
F9F9
FBEB
00EA
063B
0A8D
0C7C
0CC8
09E7
041F
FBFB
F25E
EA08
E4C8
E448
E866
ECE7
F0AA
F3F2
F411
F2C9
F0AF
EEE3
EEE6
EF46
F02C
F183
F49F
F980
FE3A
01A5
01A0
FF1E
FAB0
F633
F54A
F2B4
ED3E
E9D6
E83E
E806
E988
EC42
EF77
F052
ED33
E77D
E066
DACC
D727
D468
D2B9
D348
D544
D738
D9BE
DBED
DDBA
DD0D
D8C3
D2E5
CD5A
CAC2
CB12
CB8C
CB05
CB93
CB9C
C9DB
C959
C89B
C7BB
C76B
C63C
C476
C2C0
C2E1
C498
C694
C76E
C6D8
C531
C100
C040
C63A
C98F
C8BD
CA91
CE39
CF96
D0F0
D0F8
D00F
D133
D041
CE92
CC76
C9FC
C861
C6F0
C4D7
C21D
C0E2
C081
BF24
BCCA
BC23
BCDD
BD37
BDD6
BD0A
BB20
B843
B560
B426
B4D6
B691
B716
B850
B9EB
BB0B
BC6F
BC5B
BCE1
BD20
BC88
BCAA
BCF8
BDC9
BE42
BE5F
BDF8
BD73
BE2E
C018
C1C8
C332
C4EA
C604
C6D6
C607
C3E2
C2C8
C1F4
C1D8
C189
C11F
C2D0
C57E
C905
CB87
CB08
CA65
CB69
CD3A
D04A
D201
CFE7
D086
D31E
D2FD
D3E8
D564
D65D
D695
D5C2
D4F4
D42E
D677
DA3D
DBC4
DC70
DC06
DA32
D7F3
D5F4
D406
D035
CEFA
D129
D2F2
D5A3
D6ED
D7A2
D91D
DA60
DB0B
DA58
D9F8
DA55
DAE3
DDA6
E10E
E13B
E095
DF7F
DCBD
DB72
DC09
DCAA
DC56
DC23
DE2B
E10A
E42D
E57A
E3EC
E1F8
DEAF
DDBA
E00D
E164
E309
E502
E43B
E394
E2F9
E1FB
E24E
E05E
E072
E229
E1C4
E2B4
E4F2
E791
EC75
F2C6
F6C1
F82E
F8C5
F888
F5D3
F2FC
F29F
F2C7
F57D
F89F
F800
F681
F66B
FA5D
FF89
01F1
050B
0978
0EA6
1335
154E
158D
13AA
1158
0E1D
0945
05A3
03BE
03E9
058F
07CD
0B49
10A9
166C
1D0C
2430
28C9
2B3C
2A51
2A0B
2AA5
26DC
25DD
271E
26F7
281F
29F7
2A35
28BB
2961
2E07
2FE4
3099
3537
39A2
3FAE
41C4
4467
47FF
4139
3BDC
3EBA
3F0F
38A8
370D
3A03
3780
35DF
3705
3926
394A
38D9
3A1D
3BAD
3C5E
3CEB
4053
3D41
3733
36A8
388D
3BEE
3BD0
3CFF
3FBD
4090
4252
43CA
4622
460E
449B
43E4
3D63
34A7
32FE
32DE
3479
3720
35D4
34A9
3199
3106
328E
2EAC
2B3A
29CA
2AB8
2CF8
2D7F
3027
333C
34F2
36C1
373B
36DD
3555
30BB
2B6E
28F4
289F
295A
296E
28B9
2923
2A45
2BDD
2D23
2EA5
2F21
2CEA
2A8F
26D2
22D3
2197
223B
2548
2730
2739
288D
2CB3
3249
3530
37D1
3965
3966
386D
37FE
3A0C
3B59
3C9B
3BB0
3864
36BF
366E
378B
3860
382F
3711
3724
38D1
3A70
3C52
3D46
3DE0
3E14
3D46
3BB7
3AA7
39EB
3864
37CF
3669
3509
34A1
3452
352F
33F6
322F
32A4
3368
3430
3432
33A1
3399
325B
3130
3060
2EF8
2D98
2BDC
2BBF
2C7B
2D3D
2EA7
30F3
32A8
3244
3258
3396
326F
2F9F
2D33
2AB0
29E4
2962
297F
2B1B
2D56
313E
31E7
3149
3230
31D0
3084
2D3F
2A48
28E6
2965
29C7
2A8E
2D2F
2FBF
2FC5
2D7C
2CC3
2BDC
2B20
2B94
2A07
26B8
2493
260C
28F0
2A8F
2B9E
2DDC
2F25
2CF7
2A64
285B
273C
265B
2550
2563
2411
22DA
22EF
2393
23F8
2431
2629
2728
271A
2611
23C5
224D
2237
23C0
25FD
25F1
2461
23E3
2166
1CB9
1941
1539
1156
0FD4
0EE3
0E86
0D5B
0B29
0A40
0ABC
0AB8
0953
07D2
068B
072E
0863
091A
0976
07D8
05BB
052E
052D
05A4
04B6
022D
01BE
0145
0078
0110
0252
0370
02FC
015D
00EB
015C
0071
FFBB
002B
FF7B
FD7C
FB1E
F76C
F4E3
F4C5
F292
F176
F2D4
F49B
F7D6
FC0D
0222
06F6
0A3C
0CDA
0DD1
0BD1
0799
0422
0095
FCFD
FA2B
FA61
FCAA
FCCD
FDCD
FF71
005D
0329
0676
089C
079B
0691
065E
03CE
01FF
018A
03B7
06BD
07AD
099B
0BBE
0D91
107A
13C9
15C4
141D
10A2
0CDC
09AA
0757
02F2
FEEC
FE22
FFEF
01D7
034E
03F0
027E
0093
FEB7
FE56
FDC1
FD3E
FE44
FE1B
FD46
FC9F
FAEC
F917
F930
F9F6
F91A
F57C
F053
EE15
EE9B
EF8E
EF3E
EEB4
F0C3
F46A
F596
F5B4
F7D6
F861
F772
F67F
F610
F5F4
F476
F5BA
FA85
FEA1
017C
01DF
FFED
FF76
FF2C
FBDE
F8A2
F693
F50F
F3B6
EFA1
EC38
EA26
E921
E8D6
E757
E843
E952
EAB9
EC5F
EB5F
EA62
EBF2
ED83
EB97
E7BE
E3FE
DFD5
DB28
D804
D640
D32C
CF78
CFDF
D30E
D2E8
D299
D4EE
D51F
D125
CCE1
CB02
C6A1
C201
C26F
C3A9
C49F
C43F
C3D1
C588
C832
C9B1
C8F9
CA36
CBAA
CE5E
D3B1
D6E4
D943
D913
D5DB
D24A
CDAE
CA16
C911
C8E2
C851
C8C0
C89F
C6E9
C553
C338
C1E9
C23D
C3A2
C3DC
C338
C38A
C1EB
C0A3
C11D
C267
C4E8
C6C9
C867
C89A
C6C1
C5B0
C71E
CA7C
CA57
C6C8
C5E5
C707
CA19
CDA7
CCCF
CA13
C8B4
C6EA
C576
C573
C662
C79A
C7C5
C938
CB79
CC2B
CC72
CB81
CAC5
CA3B
C8A9
C8B6
C8C6
C755
C5F9
C43D
C311
C37B
C3D6
C4DA
C47A
C385
C37C
C1A9
BF26
BC06
B985
B7C7
B651
B672
B647
B599
B567
B77B
BB99
BEE5
C149
C2E0
C45E
C5F7
C73D
C6EA
C470
C39A
C431
C21E
BFF2
C012
C083
BFBA
BED0
BF58
C069
C0AF
BF29
BD29
BA90
B95F
B8E8
B6CD
B76D
B9F4
BC20
BE44
BFFA
C25A
C460
C522
C6AD
C90A
CA70
CBD7
CEC7
D319
D5FD
D516
D2CD
D00E
CCEC
CBA2
CAE5
C798
C439
C352
C309
C3E9
C750
C9A8
CA7B
CAB4
C8E3
C7C8
C6F3
C513
C342
C321
C46F
C4E2
C4D1
C3D0
C2DD
C2DD
C3F6
C5FF
C7B1
CA1A
CC0E
CC8C
CCD1
CDF1
D04A
D105
D12F
D146
D06D
D176
D2B2
D3AD
D3AC
D1DE
D06E
D03F
D09A
D013
CF0C
CD0F
CB09
C920
C75D
C73B
C767
C9A8
CC1C
CCA4
CE72
D0B4
D23E
D2C8
D33F
D4E1
D665
D6B3
D6BA
D74E
D8A5
DA7E
DBAA
DBFA
DD36
DED1
DECC
DD65
DBE9
DBEE
DBF8
DA7F
D885
D834
D93D
DA26
DAD3
DA68
D98D
D8D0
D89E
D812
D717
D792
D84C
D858
D92B
DAC5
DC1E
DCD0
DCDF
DBBB
D9F5
D879
D769
D841
D8DE
D81F
D7E5
D9FE
DD0E
DDC9
DD33
DB85
D93C
D804
D705
D590
D4CC
D59B
D81D
DABB
DB29
DB47
DCF1
DF84
E1FA
E355
E463
E460
E27E
E19F
E294
E3EC
E3C7
E1A8
E0F9
E03F
DDE2
DC97
DD03
DFA6
E130
E14D
E0EC
E001
DFB2
DFA1
DFE8
DF26
DED6
E09B
E110
E0A3
E29E
E5EC
EB19
EFDC
F23A
F56E
F87B
F8EB
F7BF
F69F
F58A
F419
F26B
F09C
EFAF
F179
F2AB
F1C6
F1C5
F27C
F1AD
EFD8
EEB3
EC35
E8FC
E531
E215
E200
E218
E130
DF99
DDA7
DC72
DC39
DE66
E272
E4A6
E556
E644
E5AF
E492
E389
E296
E265
E17A
E080
E124
E1BF
E177
E21D
E288
E4A3
E860
EAA3
EBBA
EBFB
EC15
EC01
EBB4
EC01
EE16
F172
F53E
FA98
00A1
046E
05C7
0569
052F
0535
02CB
FF7A
FC93
F9B5
F7A6
F63C
F5DF
F5AB
F649
F813
F7F2
F934
FDF7
015D
043F
082F
0B66
0DDE
0F9E
0FC9
0D3C
0C0E
0C88
0B05
0941
079A
05BF
0513
06A1
0894
0984
0AAF
0CDD
0EB3
0EAC
0C93
096E
05B4
01EC
FF7F
FD4C
FBBC
FBC9
FD8D
0176
04C1
05D5
06E3
07FF
0891
0885
076F
04E6
01F9
FFF9
FB70
F694
F4F4
F4D0
F707
F8D6
FB13
FE4A
0016
03C5
0670
0666
03A2
FF2F
FC69
F939
F712
F71E
F7E4
FAFA
FEC9
0265
0417
0202
0068
FFBC
FF9F
FFEA
0037
02B2
0676
0BA0
1174
148C
1569
1605
16B1
16DC
1562
13E5
1487
135E
101A
0DDD
0CEE
0C7C
0C55
0D0F
0B50
086A
0878
0A40
0B07
0A68
0A8D
0C8F
1019
12B2
12CE
1132
0FB9
0F61
0DD4
0BE9
0A33
075B
0748
0A74
0E2B
1178
14CD
184F
190C
1946
19E4
1858
15B4
132B
119F
1111
118E
1403
16AC
183E
17AF
1551
15DC
178E
1756
1645
150C
1496
15D2
17A9
1801
17D1
191F
1B57
1C62
1BFE
1B2A
1B0C
1BCA
1D28
1CFC
1A34
16DA
1463
1590
19CA
1CB9
1CEF
1D3E
20BC
266F
2D90
3509
3822
39AC
3D98
4052
4100
3F31
3BB5
3960
3891
3708
3528
34B1
325C
2FD5
3132
33C1
36D1
3AAD
3C9B
3BD1
3B36
3ABA
37B3
34B1
33C7
342A
3591
384B
3DDD
4273
42D7
41F5
409F
405F
410B
4136
3FE2
3CEF
3A7D
397C
3917
35A3
2FF4
2D40
2DC5
2E91
2EFB
2FB3
30A5
3262
36A3
3AA4
3BFA
3D2A
3DFB
3F0C
412B
41B0
405B
3EEB
3DD8
3DAD
3E2A
400A
41F5
4179
405C
3EEA
3DCC
3C9C
3A52
389C
3773
36B3
360B
34A1
3280
2FB7
2C9C
2B46
2C37
2CA2
2B8D
2862
2695
28A0
2A7F
2B78
2C0D
2DEB
30F8
31B6
3250
3371
339E
33D3
3339
3102
2DFB
2AFB
2887
2735
2677
26F9
28AD
2918
29EF
2A87
2974
29AF
29F4
2AC6
2CC8
2E4B
306F
32C1
3504
36D6
37F9
38B9
3925
3A62
3B32
3AFA
3A02
37BE
3579
33AD
326C
31E4
313E
3045
3008
3085
31E7
34B1
3811
3BD4
3F3D
41EC
4423
4503
44E5
4472
4482
4494
4472
44DD
4509
44A2
4414
43AE
4375
4346
4387
446E
4511
4598
46B9
473B
46CD
4729
4870
49B5
4986
4862
4800
4792
4752
4710
462E
453B
448E
43FD
425C
4029
3E73
3C3A
39A4
37B5
36A0
3671
3641
3554
34F9
3660
380E
38E4
38DC
381E
37EF
3781
3662
3590
34B6
3420
332C
3235
3205
30F9
2F24
2DB8
2D51
2E21
2F32
3011
30A0
3074
3024
2F29
2D90
2BA1
29CC
296F
28C9
279A
2796
27BE
26D7
25DC
2720
29C4
2C7A
2EC2
2EFD
2D21
2A47
284E
26D0
24DD
23AD
2306
2340
247B
255E
254E
241A
2251
2181
20C7
1F2F
1EA6
1E4D
1E36
1F9D
20FE
21FC
2205
20EF
1F9F
1EA7
1E6E
1DF9
1CFA
1BFD
1B37
1A7A
1A22
1955
16FE
157D
144D
134D
1548
17DD
1912
1A84
1CC2
1EC9
1ECB
1D4E
1D73
1E16
1CDE
1B69
19D3
187B
1775
16E7
17B2
1731
16EC
1810
17C4
16F0
17F8
1A64
1B8C
1BBC
1C5D
1DC0
2057
2250
2394
256B
2640
24F9
22C7
208C
1C14
173F
161E
16DE
183A
18E4
185F
1702
153E
1507
1379
0FC1
0ED4
1079
1350
16C1
196E
1BA4
1BCF
1B2B
1B59
1C1C
1DF9
1E78
1DEE
1E88
1ED3
1EE8
1DAE
19CD
15C5
10AB
0A7A
0722
057B
0460
0230
FE1A
FB4C
F9CC
F8F4
F6C0
F2D7
F17C
F468
FC2E
054A
095D
0CCB
1155
1323
1387
1125
0D05
0989
0599
00CE
FBE6
F7B0
F1CC
EBCD
E718
E406
E400
E355
E2CA
E332
E321
E1E8
DE20
DBF3
DBAD
DA80
DBF9
DF16
E0B4
E220
E3D5
E57E
E63D
E525
E3F5
E4F9
E4C2
E3F3
E630
E6D4
E5E3
E695
E68E
E473
E1AD
DF2E
DA35
D3C2
CEF4
CB56
C7A7
C323
BFD3
BE3E
BCB5
BC03
BDBE
C240
C702
C91B
C9A0
CCC3
D5A1
DC98
DD9E
DDA4
DD48
DF09
DFB0
DBB9
D889
D659
D4CB
D4B4
D51E
D6B3
D9AB
DBE6
DA97
D9A0
DCD2
E148
E2C8
DF76
DB49
D7C3
D533
D3EC
CFAC
CB3A
C936
C772
C861
CACC
CC46
CC05
C973
C9C6
CE20
D3AC
D7EB
D881
D8D0
DAB4
DB95
DB71
DAE5
DA2A
D891
D6E7
D811
D7F8
D5DE
D4C2
D5C2
D8B1
DB77
DF3A
E28E
E479
E31A
DDDD
DA98
DA17
DA6C
DC74
E038
E482
E82C
E947
E6E2
E20F
DD28
DB6D
DA6C
D7B3
D403
D098
CF3C
D0D3
D3CF
D5C0
D73D
D819
D8F4
DB69
DE24
DF86
DF4B
DF69
E117
E336
E456
E407
E2C8
DEA9
D8F5
D5C2
D441
D401
D3F4
D3E4
D5BA
D8BC
DB87
DC5B
DAA7
D81D
D846
D9E7
D76E
D42E
D332
D19F
D02F
D0B6
D335
D571
D611
D828
DB3A
DB48
D94F
D606
D301
D377
D63D
D934
DA85
DA85
DB53
DE4E
E0AC
E01F
DF73
DDEE
DDEB
DD24
D856
D5FF
D4F4
D14A
CD9A
CC6A
CCDE
CBF1
C971
C762
C773
C993
CE14
D411
D69E
D671
D74B
DA2C
DC1B
D8B7
D5F3
D803
DC3C
E105
E401
E85A
EB2C
E928
E9B5
EEB3
F40F
F6C6
F81C
FB62
FFFF
0196
FDF8
F7CE
F383
F051
EC6B
E94C
E6D8
E3EF
DEFA
DA62
DB0A
E001
E583
E992
EB00
E9C5
E932
E93B
E635
E304
E0E8
E005
E37C
E705
E924
EBA4
ED7B
EF7D
F03B
F25F
F491
F2CC
F0A7
ED71
EB1C
EB87
EC27
EC93
EBD0
EAC8
EB2B
EC8B
ECD0
EAD1
E83F
E72E
E6DE
E449
DFC6
DA4A
D4C9
D15A
D036
CF20
CDD5
CC13
CB21
CD8C
D088
D392
D5EC
D74C
D9EA
DCD3
DE42
DD35
DBC8
D9D1
D780
D699
D8C8
E055
E798
ED99
F457
F8FC
FA9F
F9D5
F56A
ED25
E4CD
DEA3
DAF1
D8BA
D6C1
D538
D50D
D63A
D778
D91C
DAAF
DB6B
DD57
E021
E224
E3CA
E4DD
E581
E643
E778
E9F6
EC70
ECDC
ED0E
EEF0
F188
F30E
F2C6
F15D
EECD
ECDD
ECB9
EBEE
E9AA
E668
E2D8
E113
E0C0
E0DC
E0AA
DD22
D6F6
D243
CF91
CD88
CDD4
CFBE
D174
D3CF
D608
D7EE
D841
D468
D027
D10B
D543
D81B
DAE7
DF39
E34F
E5DE
E83C
EC36
EED4
EDD9
EC97
ECE2
EC64
EA01
E6CD
E377
DF09
DB8D
DB7E
DA76
D698
D432
D4CD
D8B3
DDD6
E160
E538
E83B
E93F
EB02
EE69
F1C9
F3BB
F3DE
F2CA
F371
F55E
F66D
F6A4
F61A
F62D
F7A7
FADB
FD0E
FC85
FB26
F9FF
FB57
FD10
FD38
FF57
030E
0508
0609
085E
0A6A
09CF
07B9
0612
0508
03FB
0145
FD44
FABE
F91A
F7BF
F643
F3A8
F37C
F702
FB6D
FDC2
FF2D
0199
0231
0229
02DC
051D
0918
0BB8
0C61
0D9B
1166
13D2
126C
10EC
0FC9
0DB7
0AF5
06F9
0248
FFC3
FF83
FFF3
007F
FFE7
FE82
FC89
F9DE
F853
F5A1
F048
EC0B
E8E1
E656
E5C0
E5D7
E70E
EA4B
EDA3
F182
F5B4
F76B
F7AB
F69A
F604
F734
F85B
FACD
FEEB
038A
0833
0CA1
108A
1264
112E
0D17
06EB
0107
FC70
F804
F3B7
EEE8
EB0A
E96E
E803
E5C3
E2EF
E17D
DF83
DC2A
DA19
D896
D73E
D6FA
D917
DE4E
E4FA
E82B
E839
E944
E996
EA6B
EE4B
F2FA
F60A
F77D
F9EF
FC9C
FE17
FF52
006D
01AC
016F
FF70
FF64
FE80
F9D2
F60B
F4C6
F2A8
EFFC
EF66
EF99
F041
EFA9
EC59
EAE3
EA66
E935
E7FB
E656
E744
E9EF
ECFF
F1B6
F8BD
010E
076B
0B96
0E49
1070
1150
121F
1651
1B90
1EFF
21AD
2419
237A
2076
1D6E
1B3E
18D2
1597
1419
1433
135B
1172
1072
0F91
0F3F
129C
1696
1795
15E9
1367
12C1
13C7
1767
1C5A
1F1E
21AC
263E
2CE7
30AD
2F8A
2E74
2E7E
2FC1
31DB
359C
3A14
3B5B
3BC0
3D0A
3E76
3E5C
3C27
37D5
31F7
2DE2
2AE4
27F5
249E
210E
1F26
1CC3
19F3
198B
1A0A
1976
1966
190B
17EE
1681
1547
1470
136B
1593
1B26
2265
2985
30B7
3BC7
461F
4AFA
4DAF
4FCB
4EE9
4CF2
4C6C
49D8
4503
3FCB
3BDB
38BA
3491
308C
2BCE
284C
25D1
22D5
21B7
2028
1EAD
1C55
17E9
15B6
13C1
1110
0F91
0E8C
0D17
0C77
0E2D
1077
1299
139E
14F7
17FF
1AEC
1B25
17DE
14EA
1322
1149
1200
1398
1278
11C3
1316
144C
1357
0FA0
0BB7
0950
07E1
0753
0790
0938
0B2C
0A90
09C7
0A2D
097F
072C
0170
FB53
F940
F8AE
F73E
F6AD
F8CF
FC19
0038
055D
0A13
0E4B
124F
1652
1946
1AA3
1ABA
1AB2
1CAA
1CF2
1AD4
1A8D
189E
13C3
11BC
1130
0EB6
0A29
063E
058C
053B
041D
02E8
01EA
018F
0280
04B6
06EA
0956
0B41
0C74
0E53
11BE
156F
1809
1D2A
238B
27A2
29C1
2A5C
2B30
2A1A
27BD
27AC
28DB
2A6E
2B46
2B0B
28F6
26AB
2731
2887
2902
2653
2211
1FB3
1BF6
181A
1633
13F4
11C3
1071
1199
1513
188E
1C5D
1E8F
1DF8
1D53
1BD2
1966
1832
1849
194D
1ADA
1DC3
2079
238D
2821
2D3F
3316
3693
36DB
3629
33B7
3064
2E98
2D31
2A31
2306
1B5C
17ED
1626
1446
1148
0F46
0F47
0ED7
0FCE
1287
13FA
1424
1595
15F3
12C8
0DD2
094B
073E
063A
0641
08A8
0A56
082F
059B
0439
FFC4
FB59
F9D0
F741
F622
F5E1
F210
EF73
EFD4
ECC9
E67A
E40C
E66E
E9E0
ED73
F06C
F0D4
EF28
EE2D
F07E
F5A0
F8E7
F8E0
F949
FB36
FC84
FB61
F740
F2BF
F180
F214
EFF5
EC32
E997
E7F6
E888
EBCE
EF98
F067
EEDC
ED47
EDD1
F124
F2C3
F3D5
F754
FAE8
FB9A
FC08
FD54
FD3A
FC7F
FD82
00A3
052B
0B7D
0FFB
0F47
0C44
0BF2
0E04
0E45
0C80
09D2
0824
08B2
096F
0967
08D0
095E
0AA5
0B38
0C9F
0DCA
0DDA
0DFE
0E43
1060
14C3
183C
193D
1A4D
1CF5
1F4D
1FE0
1E4A
1B79
1A4B
1B54
1B78
19D8
17D9
1565
12FB
109A
105E
139A
156E
15DB
1746
18AC
19E4
1AA1
1B0F
1B91
1D7D
2108
2368
24E4
2628
2705
2A11
2D6F
2E2D
2D33
2C38
2D31
2F3B
3016
2FCA
305A
3153
31A1
30EE
2FA9
2FB1
3065
30E0
30A5
2FEB
30E4
33FB
38D8
3DE9
4122
434C
44B8
455F
45CF
4509
42ED
4041
3CD4
38D0
3310
2C6A
282E
2652
26D0
280A
2806
27C0
288B
29D0
2A55
2AC9
2ABC
2A22
2A34
2CB1
2F09
2E61
2D44
2E6F
321E
3530
35CE
372B
39BA
3A10
38F4
381F
382B
38E6
39C2
3BC0
3E4A
411A
43CA
4351
4181
3F63
3A8F
3618
3339
3125
300E
2E92
2E90
31F2
35B9
38DB
3C99
3DC6
3BA0
39A4
386D
36D9
34B0
339B
3549
3793
38FC
399D
39F2
3BD4
3DB2
3DEA
3DB1
3D66
3C87
3A3A
374A
3368
2EE6
2C89
2B3F
2944
260B
22DD
2214
2339
2594
258F
224C
2013
1ECF
1EA2
1F70
1F3F
1E4C
1E11
1ED9
1DBE
1B4A
1A1C
1BDC
206E
256D
2956
2A2C
27D2
247E
2112
1D45
1912
1502
1342
141E
14B5
14C7
1522
158E
1616
16AB
16E4
1740
1718
133B
0F40
0EA9
0EFE
0FD6
1005
0F80
11D6
1641
1941
1B07
1C0C
1B87
1A55
1A00
1B45
1C23
1A4A
171F
1506
134A
10E7
0F6F
0DDB
0BCE
0ABD
08C1
0771
07BA
08ED
0B4F
0C56
0C56
0B24
0792
0532
0466
019D
FDAD
FAA7
F7ED
F5C4
F465
F0EB
EC0D
EA81
EB86
ECD5
EC42
E8D1
E6B7
E3A1
DE0A
DA45
D77D
D588
D5FE
D777
D7D1
D5B5
D23A
D125
D413
D7E0
D8BD
D9DB
DBA4
D8BD
D4CE
D211
CFBF
D13A
D400
D6BC
DA0F
DBCA
DE5F
E0F2
E1FD
E3FC
E328
DE74
D944
D567
D25E
CBA0
C499
C2CF
C3E4
C82F
CFB3
D555
D728
D91C
DCB5
E1D4
E75A
E914
E859
E60D
E239
DF5A
DD87
DD7E
E03B
E4F6
E96F
EAAA
E8AB
E48F
DF18
DA1F
D525
D0A6
CE57
CDE4
CE51
CE0C
CDD9
CFC9
D2C4
D4ED
D7D9
DD09
E2D9
E881
ED69
EF8F
EEF1
ED7F
EC36
EA0C
E84E
E837
E8CF
EB31
EE53
F0C0
F177
EF9E
EB6B
E673
E260
DF57
DC7F
D907
D85E
DB0A
DD57
DE6F
DF77
E135
E140
E055
E086
E1F2
E528
E7ED
EA3B
ECE8
EE5B
EDBD
ED40
EE05
EC93
E977
E591
E1EE
E0CF
E16E
E2F8
E2B4
E1DE
E29E
E574
E9A7
E9A8
E5F1
E3DC
E352
E265
E036
DF4D
E13A
E2ED
E51E
E8E6
ECD1
EE83
ED77
EDF0
EFCE
F01B
EF19
ECC8
E90B
E319
DA4B
D2F9
D1BD
D1E1
CF98
CDA6
CBC7
C859
C48C
C1BD
C108
C1A4
C1DC
C4F3
CB6A
D0F4
D46C
D394
D190
D19B
D080
D163
D5F7
D998
DAAE
DB1D
DC88
DDBA
DAEA
D554
D23A
CFC9
C9EA
C484
C366
C253
BE24
BB8D
BF2E
C5EF
CA80
CDDE
D381
D9CC
DDEF
E0C9
E377
E445
E243
DFBD
DDF5
DCA7
DC7D
DF13
E3AF
E70F
E92F
EACF
ECCA
EE49
EEC6
F0C4
F1D7
F26F
F31B
F1DA
F100
EF4E
EC94
EAE8
E98D
E7F2
E43A
E080
DF6A
DFDB
E205
E4D2
E860
EC05
EFB5
F7C1
01FD
0A11
0EDE
1067
1106
1039
0D1C
096A
06A8
032F
0020
FFB9
0012
FF99
FDC3
FB7C
F99B
F98C
F9B6
F6B6
F495
F71C
FB67
FE05
FE94
FF98
012B
01FE
0468
07C6
07B6
04D7
0281
0116
00F9
01BF
0219
0401
07B8
0A80
0ABC
06BF
FFA8
FAAE
F8B7
F5F9
F244
EF0C
EE32
EF01
EEB3
ED26
EC58
EEC7
F1CB
F30A
F442
F603
F7FF
F9A2
FB37
FD41
00BA
054E
07DD
07EE
0575
016E
0046
023F
063B
0907
0615
01CE
FE78
FA97
F698
F113
EA87
E319
DCF2
D9F8
D7A7
D4B1
D348
D61F
DC38
E216
E6FF
EABB
ED02
EF22
F216
F7EC
FE57
0297
083A
0FA6
1403
15EF
1616
144A
145B
1368
11A6
1274
10F1
0B9B
056E
0235
00B6
FEEF
FD72
FA74
F8AC
F957
FAA5
FC3E
FE3B
01EC
0712
0DB1
14DD
1AE7
1EF2
2144
2463
2739
2880
2906
279B
23F9
1FA4
1D53
1C82
1BA4
1C84
1EAC
1FA5
1E66
1BF1
194A
1670
15B7
183A
1BB9
1D40
1C81
1C7F
1B8B
180F
1589
15C7
18D8
1C4E
1E6B
2052
226A
24EA
26AD
26CE
2663
26A6
2644
2204
1C82
19AD
1758
1411
11C8
10AE
0F58
0D18
0B1A
0A66
09CA
0A24
0B38
0AD7
0A1B
0AAA
0EA5
1419
1996
20A8
2728
2BF4
2EC3
2E85
2B43
275C
23CD
1E68
1890
13BD
1064
0EF1
0C9E
0ADA
0C00
0CD9
0D79
0FEB
1322
1628
1942
1CEF
2005
21F8
2364
25AC
280C
27E1
262E
254F
25E6
24C1
20E4
1D05
191A
161B
1518
152E
1575
1579
151C
15F7
173D
15EA
13F7
11DF
10DA
0F3C
0AD8
0971
0BA8
0BC7
0851
04E6
034E
0219
0260
054D
0842
07C3
036C
FED7
FD8E
FDFF
FF36
03DE
09AC
0E4B
11B5
1293
1234
104A
0E49
0FA1
1042
0E8F
0CE4
0ADA
07C4
0445
0194
FF66
FF0E
FE9D
FC77
FB87
FC4E
FE7D
FE3B
FD08
00CE
0835
0F00
1200
13F0
14B1
13CD
13A1
1267
10AA
104B
1081
107A
0E83
0A25
072B
081E
09E5
0A6E
0A7B
089C
05B1
04DB
0888
0DD4
0FA7
1068
12AD
15FD
1780
16BA
16F3
1728
1748
173C
1661
14F1
12E2
10CD
0CE1
08CF
0679
043B
013D
FC8F
F82D
F6CB
F82C
F9F1
FB2A
FBFB
FAA9
F8CF
F66B
F28D
F06D
EE53
EBFF
EB8E
EC52
EDB2
EE87
EFF7
F209
F486
F853
FB61
FB2A
F666
F1DB
F18D
F2FA
F30D
F1B2
F0C1
EDF4
E869
E420
E21B
DFFB
DD01
DB4D
DC11
DD8F
DE60
DEA7
DF87
E336
EA1C
F2A0
FB52
0394
0A58
0D1E
0ACE
048C
FF3C
FB1B
F6B7
F3BB
F094
EEE8
EE13
EBF0
EA4B
E8AB
E948
EC80
EFF7
F47D
F71D
F7AA
F8C9
F863
F6BD
F5A1
F5EE
F573
F255
EFB4
EBDF
E6D3
E5C9
E874
EB62
EA3A
E6C1
E80B
EB22
E96F
E4D5
E210
E2CE
E5EC
E78D
E738
E818
E9C1
EB7A
EFD0
F64C
FACE
FCD4
FD8E
FE8F
FF40
FBB1
F54A
F123
F105
F255
F2EA
F4DF
F867
FAF7
FBFC
FBA6
FB6A
FC3C
FD6E
FD47
FB44
F9CC
FAA6
FCF6
FC47
F7E1
F407
F1D9
F182
F1BF
F107
F19A
F42F
F82E
FBF0
FC3D
FA4C
FA30
FDE1
0292
0361
0025
FD4C
FC6E
FEFC
0423
08A7
0D67
0FD2
0D55
094C
057D
FFD8
F875
F2C5
F0A7
F0CB
F1F3
F2DB
F212
F10A
F11C
F398
F929
FD77
FE15
FC94
F79A
EF7B
E761
E210
DFD5
DF82
E3D8
EB42
EFAB
EFB7
ED0D
EAA9
EAC4
EB5D
EB61
EB74
EB4B
EA2F
E70C
E3A5
E120
DEDA
DD93
DD5A
DEC1
DFE4
DE4A
DA5C
D7B5
DA28
DD83
DF25
E0E5
E208
E18B
E03B
DF8F
E00F
E21B
E46F
E75C
EC32
F192
F921
00AB
0289
0097
FCE9
F8C1
F771
F604
F10B
EB65
E845
E7A4
E903
EB31
EB4D
EB29
ED92
F138
F48A
F64D
F6CD
F7B5
F922
F910
F6F1
F57C
F413
F15D
EF70
EE0E
ED07
EDBF
EEEA
F000
EFC7
EDF1
EC9E
EA5B
E8E2
E971
E8A6
E7B4
E897
EBAD
EE3F
EE23
EE1E
EEC3
EED9
ECB3
EBA9
F0B1
F796
FB5D
FAE4
F711
F0FD
EBE0
E9C0
E9A5
EB02
EC24
EF6A
F4EC
F7DD
F993
FB5B
FAB1
FA99
FC1B
FB1D
F719
F1FE
EEF5
EFBC
F2B6
F5D9
F7CD
F7BF
F5FE
F45F
F2E9
F0A6
EE2F
ECC5
EDF7
F179
F5D4
F766
F492
F08D
EBF7
E70E
E2B4
E18D
E4AA
E7B3
E90F
E994
EA37
EBCD
ED9F
EE95
EE2C
ECA7
EA6A
E69B
E0D7
DB93
D925
D987
DC0E
DFFF
E33E
E47D
E4EA
E437
E2FF
E319
E3CD
E207
DE15
DC54
DD39
DE79
DE87
DCB4
DACD
DA67
D993
D823
D7DE
D6D2
D481
D320
D4CE
DA79
E151
E627
E74C
E617
E4D6
E4AD
E3C2
E043
DD8D
DD20
DCF1
DCB1
DD7C
DF0C
E103
E333
E45A
E5EE
E85D
EA6B
EC94
EED9
F166
F43E
F504
F38B
F21E
F10F
F16A
F161
F0A8
F16B
F2E6
F503
F746
F892
F90C
FAE0
FE20
0152
05CD
0A87
0E01
0D74
079A
0168
FCFD
FAD4
F966
F685
F4C6
F55D
F6FA
F6B4
F651
FA9B
010C
06C2
0C59
0FC4
0FC9
0DCB
0AFE
090D
093F
0B80
0CCC
0CF7
0DEE
0D24
0B09
0922
0755
0889
0DAF
12D8
1500
155F
14E3
1382
12E3
1447
1611
165A
1581
1740
1C9F
20AF
2244
223B
227E
25E4
2AB3
2F18
3023
2C85
2878
2666
24E3
2451
2538
248D
2394
23D9
239D
23AF
24E7
280B
2CD6
327C
378B
38AF
3511
2EE6
2A06
288B
299D
2CC7
3103
34F5
38ED
3A95
391F
3690
32B4
3023
300B
314B
3289
3128
2E85
2B19
2713
24DB
23CE
23AD
247D
2408
229A
231F
2493
2437
2301
22E7
23E9
24C6
2557
264C
2751
2772
267D
258A
259B
2743
2A60
2D5C
2DC8
2BC1
2990
2695
2183
1BE6
17F8
15F4
151C
157D
162F
17C5
1AAC
1D0A
1EC8
2078
2290
246A
23DA
21D2
2099
206D
2165
23BD
28B4
2D7A
2EA7
2D39
2897
22A3
1F2F
1EA4
1F0B
1EAC
1F19
2229
2409
21AF
1EDB
1DD0
1D9A
1F05
20E9
1FC1
1CFD
1AD3
1871
1758
17E2
19CD
1C7A
1D7B
1CC1
1C4F
1D49
1BCE
174C
14E1
1542
1869
1E30
2529
2A76
2BCD
29CE
267B
25CE
259C
21DD
1CF4
196D
1811
17B7
17FB
1917
1BF1
1EA8
1E4B
1C9A
188F
129F
0DCC
0A5C
0850
0736
08DC
0BD7
0B9F
0A27
08A5
0663
0636
07E5
0B45
0F3E
100F
10C8
11EC
12DE
1277
1070
10A7
1204
1369
141E
135F
11DC
0F49
0C0F
09D0
08F7
08D6
0B2A
0E5D
0EE5
0D4E
0B36
0878
0464
016E
0050
00E1
02BC
04C2
0657
0551
046C
0657
0842
0ADD
0F06
110E
1061
1018
0FAD
0D97
09F0
05A3
01FE
0016
FF86
008F
03CC
0554
040B
0326
038A
0429
03A4
01A0
FEB2
FB4D
F996
FAA8
FD4F
01AF
054B
05A7
0423
01B8
004C
011E
0286
0286
015A
0245
05B1
077B
061C
031A
FF59
FBF6
F82B
F532
F4D0
F4EB
F699
FAA1
FE13
FF41
FF60
009B
0328
05E9
060B
03A5
001F
FAF3
F786
F6EF
F707
F769
F7FD
F9C9
FD05
0114
0587
07EF
074E
0543
0292
FED4
FB4B
F9F7
FA0A
F930
F856
F8CC
F929
FB12
FDF2
0091
043B
0856
0CAA
0F25
0E36
0C61
0C2C
0CC1
0ADB
05F6
01FD
01BB
03BA
05A7
0606
04CE
0306
02F7
0576
079E
0849
07C7
0687
065C
0737
06A0
04D3
0376
039D
052D
0487
02D2
0459
083E
0C61
0E59
0DEC
0B65
06C9
0398
03F1
06BF
09AE
0ABF
0AB7
0A00
078B
04A1
020B
0039
FF7B
FE0F
FC8A
FADD
F93A
F882
F83D
F983
FB35
FD1B
FE55
FDE3
FE67
FEF5
FF09
FF54
FF1D
FEC8
FD90
FB6F
F95C
F716
F414
F149
EEAD
EEE6
F27A
F540
F7ED
FB24
FC96
FACC
F7F2
F680
F573
F40D
F340
F2D5
F0E3
EE58
ED8B
EDE2
EDEC
ED98
EECB
F1F6
F50F
F7BD
FA07
FAA5
F8FD
F4ED
ED9A
E48C
DE22
DC30
DD44
DED9
DFD2
E0AF
E0A3
E0AB
E356
E7E2
EC72
EF83
F157
F3CE
F648
F7DC
F8A0
FA05
FCCC
0050
02D9
0346
02F9
0269
0229
0117
FE22
FB2D
F9A0
F9EE
F9A2
F803
F5A5
F367
F3A4
F72C
FC90
FF16
FE35
FCD0
FB1B
FA5D
FA83
FA7E
FA45
F80A
F616
F621
F556
F3F0
F1DE
F057
F060
EF91
ED47
EA45
E97B
EBDC
EDA5
EDDB
ED34
EB11
E87C
E576
E07C
DC6F
DCE4
E020
E3E2
E7D4
EA86
EC95
EEA6
EF97
ED3C
E70D
E304
E2E6
E3B6
E393
E1AA
E023
E00C
E1A2
E4A6
E68E
E62F
E4FB
E567
E870
EC5A
EF40
F13F
F34B
F4BC
F4BC
F2F8
EE1C
E6A9
E0E6
DECF
DEA1
DFCD
E100
E0B2
E18B
E4ED
E906
ECA3
EFE7
F228
F351
F3FA
F36E
F300
F44A
F7BE
FB49
FD75
0037
01DF
00E7
FEA7
FC14
FA1D
F740
F383
F1E2
F34F
F68C
F9C3
FC25
FC63
FB76
FA66
F82D
F578
F1D0
ED87
EAAE
EAAB
EC78
EEB6
F1DB
F5AB
F859
F87F
F58B
F1FC
F15A
F33B
F6D4
F99B
F8DA
F642
F309
F05C
EEC6
ED49
EA35
E5D5
E37C
E0AE
DAA3
D4BB
D1AC
D21C
D769
DE94
E250
E464
E718
E813
E713
E481
DFFB
DD76
DFFC
E3A7
E479
E2B1
E07E
DEEB
DE26
DD8D
DB7D
D7B4
D3A4
D05A
CE0D
CC7D
CAC2
CA63
CC09
CD50
CDF4
D08F
D4CA
D778
DA3B
DE00
E014
E11B
E06C
DE97
DF80
E308
E631
E8DB
E981
E647
E364
DF84
D979
D764
D86D
DABA
DD9D
E01D
E280
E401
E683
EA00
EE8C
F47B
F73A
F4EB
F01A
EC16
EAE6
EADE
EA64
EB74
EF01
F37A
F66C
F596
F2B3
F03D
EE1F
ECF2
ED52
ED85
EC30
E9D7
E788
E5CE
E4E5
E4C0
E5EC
E8A4
EBE6
EEBC
EE1C
EB23
E9AC
E9F3
EB8A
ECE5
ED00
EBB7
E9BA
E908
EA90
ED97
EE58
EC5F
EB1D
E95F
E653
E46C
E4EF
E746
EB77
F0A2
F41D
F572
F548
F556
F4B0
F41D
F575
F748
FC06
01E7
03F7
0414
03B6
01C1
FD1C
F5CD
F039
EE07
ED21
ED84
ED80
ECFB
ED65
EDE1
EEEA
F035
F0C1
F224
F516
F8C4
FC99
FE27
FCBE
FB59
FAC4
FBFC
FDE5
FD4F
FBCD
F9F3
F8C6
F8B7
F894
F848
F700
F5FC
F664
F7F6
FA04
FBE0
FE15
0031
0004
FCF1
FA15
F9C5
FBF0
FF12
00FA
00BE
FEBE
FCEA
FBE6
FA37
F5FE
F096
EC3F
E9C4
E9C3
EA23
E88D
E6EB
E7E7
EABB
EE18
F118
F202
F0D0
EE81
EC5E
EBA8
EC23
EC39
EC1F
EC0D
EACA
E9E0
E972
E803
E6FA
E6FC
E7C8
E8CD
E884
E6D3
E4FB
E431
E4A7
E60B
E82A
E99A
E998
E935
E91C
E8FB
EA13
EC45
EECD
F2E8
F802
FE17
0358
0524
0662
08AE
0B0B
0BB4
0980
076C
06B1
04B3
0184
FF1A
FCB0
F8E5
F419
F0A0
F033
F00D
EFDD
F1DC
F54C
FB5C
0360
09D9
0DD3
0EA2
0DE9
0E78
106A
1248
1356
1469
16F8
1A1C
1C3A
1DF5
1DC2
1B4B
190B
16D9
14FB
14AC
1489
12DD
1190
1231
130B
13E8
14A6
1567
180A
1B7D
1CD2
1CD8
1CC7
1B3F
1A6A
1CD5
2151
2507
26DF
28FA
2A93
2A76
29E7
2893
264D
2473
25A0
2865
27E6
24D6
218A
1EB6
1E7A
1E31
19D0
146E
1069
0E22
100B
13BD
1558
15D2
161F
173F
1A7D
1EC3
2273
257B
2985
2EED
336A
32C3
2D88
27DF
22B1
1EE6
1B4E
16D5
131F
11A1
145F
19CF
1E2F
1E92
1A3E
1446
11A8
1361
163D
173B
14DC
11DC
0F37
0CCE
0C00
0B57
0A71
0B30
0E15
1287
16DF
197C
18F6
162C
14FD
14E3
141B
12E1
1033
0D15
0B9C
0A36
0704
0441
02CC
0120
01A6
0492
069D
05B8
00BD
FD4D
FFFA
0604
0A0F
09FE
0A27
0D32
124C
1488
10A8
0A79
080D
0CBC
14E4
1999
19AD
18B3
17FF
1783
1742
145D
0E44
0783
025E
0201
0442
06B6
0A6C
0F7F
15B0
19FF
1B48
1AFD
1927
1741
172E
19C9
1CFD
1E50
1D56
19B9
14DD
105F
0D90
0D37
0D52
0BFE
0A2B
0941
082E
066B
05BE
072A
0ACA
0FE5
15B4
1A68
1B35
192C
1617
1268
0F31
0CFB
0AF6
0A0A
0D4E
13AF
19DE
1D69
1CF5
1AEE
17FE
1404
1140
0FCE
0D47
08E7
0631
07AE
0B68
0EE8
1169
13C0
1600
1720
1738
155E
11C2
0FDD
0F61
0D98
0A87
07CC
075C
092E
0B07
0B06
0934
0629
023E
FEBD
FCA8
FB8A
FAC7
FB11
FC0F
FD0C
FE78
FE27
FB70
F7AF
F30B
EFE0
EF8E
F12D
F323
F4AE
F773
FA21
FA9C
FA63
FA24
F8F8
F74A
F514
F270
EFB1
EABC
E4F5
E33E
E537
E709
E683
E45C
E2EE
E2A2
E2D3
E3D3
E4AE
E3E3
E122
DF77
E0C1
E2EC
E434
E319
E144
E0C1
DF5C
DAB3
D517
D107
CDD6
CD19
D05F
D6B3
DDDB
E446
EA86
F070
F5CA
F914
F8ED
F622
F132
ECAB
EB31
EC24
EE44
EF81
EEF6
EE53
EE28
EE1E
ED28
EAE1
E9A6
EC59
F223
F8DC
FE49
FEC1
FD4F
FEDF
037C
08AC
0B89
0C71
0D95
0F35
0EC5
0C4A
090B
0649
07C6
0BE2
0FC2
11BF
0FE0
0EDA
1099
12C1
13E7
12A3
0EFA
0A2C
0763
071D
086E
0AFA
0E27
1299
168E
18D2
1896
15D8
145A
1488
1377
0FF5
0CC7
0BC5
0BCE
0CDF
0EC8
1084
1206
14B1
1804
1987
186F
149F
0F87
0A25
04D9
039C
0787
0C74
0F6E
111A
12BC
133D
1404
15E4
15D9
12E0
0D19
0868
08F6
0C11
0E62
1026
116E
1208
12E3
13BC
149B
15AD
1570
140E
15A5
1A29
1C3A
1BB1
1A43
18A2
18F5
1A96
1CE0
2069
23B9
2501
24A2
22F7
1FBB
1CBF
1B52
1BD3
1F15
233B
2379
1E90
1A84
1A03
1919
1585
10A1
0D2A
0D06
0F1A
100D
1036
1258
155E
17CC
1AF0
1DD1
1EC7
1EB1
1CAB
17E2
13F9
1294
11E7
11C0
1206
139B
15B7
16A8
18C8
1C96
1E87
1E3C
1BF5
1751
1401
151C
184E
1B10
1F69
23FF
2586
2696
2501
2094
1DAA
1A61
15F9
117C
0C2A
0727
03E4
0127
006C
01FC
0333
03DE
0395
0498
09AC
0F4C
13A0
18BA
1EDF
24AE
2786
26BD
2319
1EBC
1A84
1511
0EFB
0B22
0A2D
0959
0929
0A96
0B1B
0A18
0ADE
1002
1591
16E4
152B
138C
15AE
1AB7
1D46
1C13
1925
17D9
18DD
1AC2
1C28
1B33
1964
1816
16EF
16E3
183D
1996
18DF
16E0
16DA
188A
1887
1493
0DE3
08B7
06E3
03F5
FE68
F9FC
F806
F83B
F95C
FAD5
FA98
F7A1
F672
F7BF
F8F7
F943
F83D
F6FD
F5FE
F4B6
F374
F2E4
F310
F31F
F391
F604
F8E3
FA13
FBE3
000C
0444
069B
06CC
0625
0575
045A
027F
FF23
FBD7
F9C7
F6F9
F2DD
EE15
E8EB
E46A
E137
DED2
DC57
DAF8
DB9E
DD5F
E055
E2AE
E356
E437
E550
E67C
E7F9
E981
EAB7
EB55
EACE
E990
E7D7
E542
E268
E146
E22E
E0DD
DD25
DA01
D88D
D944
DBC1
DF97
E364
E5C8
E832
ED0D
F2BA
F555
F52F
F4FE
F597
F520
F154
EA95
E272
DCFE
DBAB
DA4D
D986
DAB6
DD7C
E1F5
E2A7
DF14
DC44
DAAB
DB51
DE02
E12F
E44D
E608
E790
EB4F
F21F
F84F
F924
F5D9
F09C
EBD1
E8E8
E67B
E3E4
E240
E320
E53E
E72C
E7ED
E7D7
E96F
ED30
F171
F36F
F255
EFF5
EF15
F0D0
F33C
F450
F356
F398
F779
FD18
0078
FE4B
F9D6
F8C3
FB4D
FE43
FE61
FBFA
FA7F
FA5E
FA61
F8F3
F4D8
EFF3
EBD7
E998
E922
E8E3
EA31
EC37
ECAF
ED89
EEE8
EFF9
F096
EE9C
EBA5
E9D9
E75C
E4B0
E42D
E46A
E202
DE5D
DBFF
D9ED
D894
D8A2
DAE0
DE18
E093
E2BE
E3D4
E465
E48F
E2F1
E0CC
E103
E27F
E42D
E684
E72F
E7BD
E7E2
E300
DBCB
D667
D43E
D633
D86C
D7EA
D621
D3E3
D33B
D586
D8D1
DAEC
D9EE
D83B
DA2A
DF86
E364
E1A7
DD60
DAEB
DC2C
DEB7
DD02
D861
D4F5
D4B1
D646
D600
D566
D5A7
D485
D276
D0E7
CF97
CCA9
C82C
C525
C4E5
C620
C692
C629
C8AF
CE34
D36C
D6B0
D821
D972
DB97
DD95
DDD6
DCF4
DCB3
DC15
DAA8
DA40
DB41
DBF2
D992
D3FB
CFE4
D229
D835
DD98
E324
E8C5
EDC3
F326
F708
F6F5
F428
F02C
ED97
EC35
E91D
E736
E7EA
E965
EAD7
EB22
EA09
E7A8
E660
E75A
E99C
ED43
F046
F13F
F1B7
F3DD
F7C7
FA57
FA35
F8D3
F80B
F97D
FC3E
FDCA
FEDB
004B
FFB8
FD95
FBC7
FB99
FD9A
FE9C
FEB7
0025
0109
00A2
FEB2
FA11
F50B
F25A
F20B
F2A0
F30B
F451
F4C9
F221
EF29
EC99
EABE
ECC1
F003
F260
F4E8
F63C
F688
F65C
F654
F742
F68E
F3BC
F2E3
F444
F5EC
F67E
F4D0
F32B
F2E0
F2D1
F2C3
F2D7
F1F9
F015
EF54
F06E
F397
F73C
F96E
FB25
FC0C
FC53
FD99
FEAF
FD52
FA0E
F69D
F576
F92E
FFEC
050B
083A
0ACB
0AC4
08AF
069F
0530
0507
053E
0591
055E
0558
0672
05ED
0470
0415
03F0
042B
0785
0C2D
0EC5
1045
1007
0F04
0F17
0D3F
0929
0461
00CB
FF99
FEC5
0061
0494
0843
0A8C
0D2A
1226
15A3
15B4
1387
0F88
0C94
0A1C
056A
FEBD
F92D
F746
F83F
FA85
FC59
FD63
FDC7
FF15
04FD
0DE3
155F
1ACC
1EA5
21A5
24C4
263D
23BD
1DD4
1694
11C3
0FB5
0D48
0A14
0580
0224
0212
02B3
035D
046F
05F7
0810
0AB6
0CFC
0D06
0A44
06B3
0674
0986
0BD2
0C1D
0A88
086E
07BD
07FA
0988
0D6F
120D
1545
180A
1AD5
1C17
1C93
1C90
1B08
18B8
1694
1556
132F
0F11
0C38
0CA6
0F92
12E0
1581
1756
1809
17AC
1775
1906
1A3D
197E
1815
1752
18C0
1BB1
1DAF
1DAA
1C34
1B30
1CA5
1ED5
1F0E
1C66
171B
11C6
0C58
056D
FDA6
F7A8
F6CD
F8A1
FA15
FBE4
FEFB
048D
0ABD
0EA5
1056
1098
11ED
15D4
18E2
186E
14E5
1145
0F3C
0B62
0759
069C
053B
02EB
0155
008E
030E
05B9
064D
046B
0017
FF53
01BB
0331
0193
FB21
F50D
F516
F921
FDBA
FE5F
FBD8
FC21
FFF4
055B
0816
083B
0A01
0E6D
14F0
195D
18AD
1457
0E64
0C0B
0F9F
1294
1023
0BBA
0914
08AD
0B52
0EF9
1120
1316
13FF
1404
156B
15D3
15AA
16D1
1719
17E8
1A80
1E7D
22D8
237A
2056
1DFC
1EAE
200B
1F23
1D86
1F30
2288
223C
1EE0
1AF7
1A09
1E84
24F8
2883
2703
22C7
1EFD
1DF2
1EAE
1F68
1FDA
1FA6
1D8B
1927
1391
0E27
0B25
0B15
0C68
0C7F
0A8E
0AB5
0C30
0B7C
0B28
0C12
0EDB
1239
1294
121B
126D
1349
147B
143A
1196
0E60
0D01
0D8D
0D8A
0AC1
078A
0692
0761
0958
09ED
0781
045B
0226
015A
01CE
022D
0129
FFEA
FF00
FDC0
FDBF
FF06
00F4
0309
0480
0403
0348
061F
0A3D
0B63
0A3B
0A12
0C2F
0F10
110C
1087
0D89
0BCA
0BFA
0BA5
0CE3
0F38
110B
1415
179C
1B3F
1EAD
1F77
1CE0
1837
12A0
0E0F
0AFB
091F
0AD1
0F23
12C8
1509
15B9
153F
13C4
1125
0D59
094E
06F1
0602
05FA
069D
07E0
097A
0A12
0B8E
0F00
1048
0DFE
0B07
087B
06DE
057E
038D
042F
09D3
12CC
1BA6
2093
206B
1E05
1AE6
175E
127D
0DC0
0C14
0D44
1063
13FA
17A3
1A4B
19D1
170C
159D
15B4
14DA
12C1
11CF
13F2
1730
18AE
179B
149E
1258
13D6
171E
18ED
1893
168C
1358
1011
0F14
0DD8
0A3C
090D
0BC9
1061
1510
169E
13C2
0F01
0BB5
0A64
07D3
022B
FC85
F937
F8B7
FB5B
FEFD
0149
01B6
02E5
06AF
0982
0908
0779
061B
04BA
0448
03F9
0247
009D
FFDD
FF50
FDEE
F971
F1BC
EB61
EAEA
EF1B
F2E7
F3AF
F16D
EEC4
F046
F3AD
F4D2
F3AB
F0A6
EEE1
EF17
EFA8
F091
F073
F09B
F23C
F344
F39F
F382
F3A4
F3C6
F1D7
EE8F
EC78
EB30
E8C3
E771
E812
E8A6
EA3E
EDEF
F27F
F5F3
F69B
F466
F151
EFA4
EE3A
EB84
EA2D
EB29
E9AC
E3B9
DCB0
D7F3
D626
D4FE
D270
D0C5
D1C6
D305
D351
D34D
D4AF
D75F
D85B
D7A8
D589
D38E
D481
D3FD
D0E8
CE33
CB4E
CA03
C9BB
C872
C749
C847
CB2B
CE00
D12D
D4C8
D785
D732
D325
CF56
CE63
CE57
CDFD
CEF7
D193
D634
D8B6
D4DB
D127
D116
D2F7
D55C
D550
D4B9
D68D
D973
DCA1
DDF8
DCD9
DE54
E1C0
E2BF
E1D5
DED9
DB38
DBD9
E149
E5C6
E54D
E217
DF7A
DE96
DEC1
DEDF
DE21
DC74
DA8D
D7A1
D274
CDBB
CC59
CD00
CF41
D1CB
D46F
D775
D75C
D56C
D448
D37D
D395
D511
D7CA
DA1A
DA32
D7C4
D4B7
D177
CE28
CC72
CBBF
CC34
CE2F
D03B
D082
CF25
CE0D
CCBD
CB11
C9DC
C924
C9FE
CAE2
CA81
CB43
CDD9
D0E2
D2A7
D284
D27A
D4BC
D87A
DA85
D821
D228
CE9E
D229
D9F7
E070
E355
E507
E7CB
EBA8
EEDA
EDBA
E9EF
E782
E67A
E61B
E63D
E719
E856
EA56
EC8A
EF69
F3C1
F69B
F7BC
F803
F6BA
F6AE
F8DB
FAF4
FF27
0431
046D
0293
0210
0233
04A4
07CD
0743
03DD
010C
00A2
015F
FFC6
FBD8
F8C8
F76C
F7FF
FB30
FF63
0274
0406
0650
0AFE
0F64
1077
0DB2
095C
043D
0137
02CA
05AD
07B8
083F
0784
0740
089A
0986
0871
088E
0ADA
0B25
0916
0770
0749
090C
0AA2
0AB2
0A6F
0BEF
0EF2
10AE
1016
0F56
0FC5
1129
13A5
15D4
16B9
1833
1ADB
1CF0
1D87
1C88
1C82
1E02
1E6E
1E55
1FCE
2261
23C9
23CE
2553
2908
2B66
2AA5
27AB
25DC
2593
25E4
28AC
2D39
3085
3204
346E
36E5
36F2
3440
2FC5
2D4B
2CCA
2AD9
28CC
28C5
2A39
2C91
2D2A
2AD2
293C
2A19
2CDA
2F0C
2C8D
27D8
2663
283B
2A29
297B
27EA
28F4
2C60
2E10
2ABA
254E
1FCA
1ABF
1820
186B
1BBF
21BE
28EC
2F44
3433
371F
37B8
35D8
3190
2C86
27BC
243C
22FC
2333
2533
290D
2C82
2DF3
2D5E
296C
21CA
1CF5
1BEF
1A54
18A7
1745
1723
187F
17DA
151E
1324
11C2
128A
1505
1604
1697
14A9
0F90
0B63
0915
099E
0C52
0EAB
1101
1400
16CD
18BE
186C
14AC
103B
0E47
0DEA
0E5B
0F24
0FF8
10AC
0EC7
0C60
0DC8
1309
17A5
1679
1067
0C69
0F74
1507
15EB
131F
11F6
1297
137A
1245
1149
11A6
0F1E
0BB0
09D3
08D0
0722
04FC
0623
09E8
0C79
0E00
0FE8
1221
1312
12CB
1418
15DC
1460
11A3
12CE
188E
1D2E
1D51
1BA5
1A3C
1952
1806
142B
0FA3
0D51
0D2C
0EDE
10E8
1370
1815
2038
295F
2F7E
3146
2FBE
2DBF
2ADE
26B5
2310
2087
1E83
1C6E
1AB0
1A84
1BE1
1C75
1A80
1652
10C0
0BD4
096A
0963
0A34
0A4B
0B84
0FF0
1651
1B83
1C76
193C
143C
1116
1114
1182
1130
1063
0F2F
0E20
0DEE
0DF2
0F11
116B
1236
1216
11C2
1214
15A8
1A8C
1D2D
1E56
2058
22BA
2425
240A
2224
1EDE
199B
1358
0ED7
0BE1
0B21
0C9D
0E6C
0FFD
10C5
10C0
1002
0EB3
0D37
0B59
0916
07E3
08A9
0A2B
0ABF
0968
05C3
00FC
FBF2
F5CA
EF6B
EAF5
E865
E7C1
EA83
EF70
F336
F62A
FAFB
00E1
0455
04AD
0310
FFCA
FBCC
F803
F663
F942
FE0D
FFFC
009D
0213
0346
04E7
06B4
0764
0804
075D
0415
0103
FE19
FC2F
FC3E
FBFD
FAEA
FBA3
FF5D
0271
0234
FF31
FD4B
FF6D
02D7
05EE
079D
05DD
01C5
FD61
F96F
F5EE
F2F9
F124
F092
F0A8
F18B
F408
F7C5
FC93
00BC
03B1
0647
0797
0716
03D5
FF4A
FBFF
FBAE
FDF3
FE5B
FD83
FE7F
0119
03BB
0465
0312
019B
01E7
02F9
023F
FF03
FCBA
FE52
025E
06A0
091F
08CD
06C2
04C6
03BB
02F3
00B3
FCF1
F862
F498
F3FC
F5A4
F6EF
F751
F6C2
F567
F31C
EF91
EBF5
EA67
EC41
EFBA
F322
F722
F8C5
F60B
F2DC
F023
EE3B
EDA2
EAA3
E683
E40F
E38C
E43D
E367
E11D
E0BA
E304
E548
E642
E569
E2FE
E091
DD69
DA97
DB10
DE13
E1AE
E4AE
E3FF
DFF6
DD93
DD57
DD3B
DC08
D8D5
D65C
D5DF
D517
D51B
D6F3
D890
D9B6
D9C2
D772
D5D5
D6D3
D6F9
D5B4
D632
D8A5
DC94
E2EE
E824
E780
E21A
DC72
DC65
E282
E68F
E3FA
DE5D
DB92
DD54
DFBC
DF42
DD08
DDE3
E2E1
E67A
E5E7
E32A
DF99
DBB2
D7F2
D613
DA33
E42D
ED53
F1FE
F3DA
F5E5
F984
FB13
F71C
F0FA
EE32
EFE6
F267
F10E
EDE3
ED37
F01B
F519
F6D5
F4CF
F30F
F20F
F0A8
EE1F
EC9A
ED1D
EF80
F31D
F58E
F71F
F83E
F88B
F8C8
F8C9
F7AC
F639
F5FD
F5BC
F4BF
F413
F3F9
F604
FA52
FD43
FD6F
FBF7
FA42
F8C4
F51C
EEF8
E934
E6FF
EA62
F01D
F447
F76A
F9B3
FC71
FEB3
FBB5
F609
F2B0
F23A
F2FF
F3D5
F5DC
F936
FCA4
009D
067A
0B58
0C14
0A22
064F
00EF
FCA3
FB68
FD11
FE39
FCE6
FCE6
0212
0ABE
114F
12EB
11BD
12B6
15A2
1549
10E4
0ACA
071A
08A9
0A90
09B7
08EB
0840
07C6
08FA
0B25
0C2B
0AF8
0A84
0B7E
0BDE
0BA1
0B34
0A2A
0728
02DC
FE08
F889
F248
EBEA
E7B8
E6F0
E936
EB97
EC7C
EE6B
F485
FF1A
0979
0FD7
0F9F
0AD1
08E8
0C5A
104D
0EC5
084E
0108
FB65
F6D5
F125
EC26
EA2D
EA37
E9D1
E89D
E8CC
EB32
ED69
ECBD
ECBD
EFB0
F1ED
F281
F187
F05E
F0A0
F281
F61D
FB9A
0254
06EC
08AC
0781
0388
FED5
F9A8
F72F
F853
F9E9
FBAD
FC9E
FC7F
FD3B
FE44
FE62
FDFB
FD4D
FCE9
FE54
0049
0117
016E
01CD
03D4
0836
0C5D
0E36
0F23
11AC
1569
1870
19C5
195F
172A
14C5
1381
12C4
11D4
0F42
0B77
0821
0574
0331
005B
FC70
F860
F5E7
F7AD
FC87
0241
0955
0F81
1183
0E39
0919
05F5
03B0
018A
FF1E
FD4B
FF56
048C
0820
0661
01FF
0115
0423
0578
026C
002E
0190
039D
046B
062A
0AA4
0C99
085C
0255
FECB
FE60
FE44
FBCD
F785
F3B1
F29E
F446
F63B
F78D
F87E
F7E3
F74A
F854
F905
F979
F95F
F7DD
F92B
FD06
FFCF
0269
034E
016E
FEEA
FD8C
FDF1
FF2E
FF49
FD9B
FC64
FCE5
FF27
031A
06C9
0712
0546
05F0
088B
0AA5
097B
05E5
03F9
045C
04DF
03F7
0318
0273
0282
0525
0943
0B6D
09C3
084B
0A55
0D08
0D39
0AE5
08D3
0990
0D36
11BC
159C
1861
191D
1773
1468
10EB
0ED0
0D9E
09D4
06E3
08CB
0B35
0A39
06FF
065B
0989
0ACC
07AD
0429
0437
0676
0715
04FD
0115
FE5A
FF13
0051
FFB9
FE2E
FBB4
F9D4
FAC6
FD8D
00CB
02F3
01C5
FE11
FBA5
FAED
F8FC
F61D
F3AE
F24B
F052
EF74
F321
F692
F6F8
F534
F2A8
F33D
F5EE
F778
F689
F459
F42E
F5CA
F6BD
F6A1
F5EF
F65E
F7B8
F739
F6DC
F8AD
FB0A
FCC8
FE0E
FF03
006C
011C
002D
FDFF
FAA0
FB58
FEF2
FFA1
FEF2
FE70
000C
0270
02C6
020F
0075
FEBC
FEC3
01E0
059E
061A
0332
FF77
FDED
FD69
FA32
F365
EB99
E6E1
E7DB
EC12
ED5F
EBAF
EBD8
EE43
F199
F3B5
F34E
F2AE
F376
F32F
F2B0
F469
F777
FD75
0331
089D
104C
1376
1142
0D3E
0B21
0DEF
0EAF
0843
FF46
FAF6
FDA0
018A
FF4C
F8F8
F6A4
FA37
FE52
FE28
FB23
F980
FB88
0007
0433
0657
0655
04F9
0319
02B0
042C
060F
0664
057F
0413
FFCB
FB8D
F997
F7C0
F63C
F4BA
F3C0
F55E
F6CC
F695
F78A
F8EF
F8A7
F79C
F774
F84F
FA99
FC7D
FB97
F927
F89F
FBC4
FE42
FC86
F93C
F793
F88C
F98D
F7E6
F5E1
F4D2
F327
F184
EEDA
E9F4
E639
E4F6
E539
E678
E7DA
E964
EA79
EC47
F082
F5F4
FA61
FC8D
FDA9
FE82
FE60
FC1C
F636
F030
EE04
EDF1
EE9F
EC87
E79E
E629
E808
E9C5
EA77
EAA3
ED77
F3DD
F8CF
FBAC
FECE
00D7
0206
02D4
0340
02A3
FE20
F6CC
F0F1
EEB0
EE25
EB2D
E457
DE1A
DDEC
E1CA
E53A
E6F6
E82B
EB6B
F029
F251
F06F
EC4B
E6D4
E326
E28C
E23D
E1EF
DFA9
DBD7
DAD3
DAA5
D973
D8CE
D7E1
D664
D577
D4E9
D5E4
D8FC
DCD0
E0A8
E470
E673
E463
DEF0
DAF5
DD10
DF96
DE85
DAE8
D71F
D6FE
D9F1
DB50
D915
D7DA
DA38
DE61
DEFD
DCBA
DE61
E2C1
E528
E557
E518
E653
E9B0
ECA3
EBEC
E9FB
EBD9
EEBF
EE39
EC1A
EB24
ECC9
EEE1
EE4F
ECCB
EB12
EA74
EB7B
EA2A
E810
E5EC
E3F2
E3C3
E1A0
DDF0
DD1B
DF82
E321
E593
E7C7
ED15
F3A6
F7EC
F93B
F7C3
F40D
EF49
EB97
E7CC
E43F
E4B2
E9D5
F145
F599
F47D
EFA8
EA62
E734
E6A5
E6BA
E62B
E784
E9CE
EB65
EBF5
EACF
E9D2
E9C4
EB59
EE27
EEB4
EC60
EB8D
EEA1
F16F
F14C
EF14
EE0A
F0C9
F35C
F41A
F424
F3FA
F4D0
F6FA
FA81
FEE6
0178
0174
0179
0300
06C6
08CE
0855
09B5
0ACF
08E6
065E
04FA
0445
04C4
0533
04B5
0599
067D
073F
0A88
0E17
0EFE
0ED1
0F68
1021
10E8
113B
104E
0E4C
0BEF
0BE5
0E03
1030
12E5
1679
180D
1472
0D16
065C
03B5
0553
08C5
0D7D
153C
1D22
208B
211D
2287
242A
22A6
1B0D
102E
09C7
09EF
0BE5
09F7
0470
03B9
0BDA
16EB
1CC3
1CED
1B8A
1BE0
1EAC
1F0C
1DA5
1BEA
19D1
1AE4
1E0B
2089
20B4
1E87
1CD1
1D8B
1F92
2020
1FB0
1EA2
1DB9
1E6F
215F
2559
285C
2950
27E6
2853
2BAD
2E81
30AE
3212
32F7
33CE
328F
300B
2F76
3210
34D6
33AA
2FC5
2B6D
286E
299B
2CC4
2CDE
299F
282E
29BF
2B75
2C79
2C78
2CB9
2D34
2D08
2D3E
2D73
2CB7
2ADE
29D9
2A7D
2C2F
2F5A
3186
3119
2F32
2B5B
262C
23B9
251D
26A7
24AB
1F37
1A7E
1893
174B
15B5
156F
17F0
1C06
1F5C
2374
29A2
2CC6
2B08
27B7
257D
254F
2479
2151
1D70
1AD9
19DB
186A
164F
1447
1357
1430
155C
155B
145C
124A
1053
10CF
1264
15D4
1BF3
211E
23D5
22BA
1E34
19F6
1747
14B7
10F6
0BC9
0960
0F13
15DB
15AE
1087
0BE0
0C74
0FEE
11B2
11E0
13E3
17D1
1A67
1BCE
1DDE
236F
2902
285E
22EE
1D6B
1912
1626
10B4
071A
0458
0A26
112E
1621
1693
13D1
10E0
0E2D
0CB2
0D0A
0C7A
0B29
09E2
0742
074E
0C60
131E
184B
1B31
1C55
1BE2
188A
1260
0D73
0B76
0B9D
0C84
0C27
0C49
0E81
11C6
14C3
1600
155C
15F7
192E
1B7D
1B07
16FE
1168
0ECF
0EB6
1064
12B2
1150
0B7F
0643
0425
037F
0358
01BF
0017
0105
0392
0659
0734
059A
0436
0419
04CC
0525
02A5
FF5E
FE3F
FE3B
00CA
0529
06A1
03F8
FF40
FBAB
FA68
F854
F4A8
F0E6
EE3E
F0E7
F6C7
FA9B
FD8B
0122
05D8
0AE3
0D78
0F18
121F
12F9
0F31
0AA4
095B
0B5D
0B61
04F7
FD2B
FAC7
FB07
FA45
F95E
F87D
FB10
0286
07B2
0670
02DD
FFAC
FCBA
F8C2
F246
ED1D
EB56
EA86
EA92
EAC4
EA55
EABD
ECE7
EE74
EEDC
EE6A
ED3A
EC85
E961
E1D0
DC44
DE25
E2D3
E693
EA00
EE66
F6CD
0032
049C
057B
074C
0B1A
0DA0
0A85
02DD
FB9F
F6C3
F473
F2EA
F187
F3D1
F89E
FA9E
F9A9
FA88
FBE6
FA75
FA5E
FC3B
FD6C
FFB8
0312
0568
05FE
056F
078C
0BB9
0BC7
07FC
04E7
0358
0173
FF89
FE2A
FE74
020E
069D
0783
050A
01F0
0191
0432
0467
0349
044A
06E2
0840
06E4
0602
079A
0AA9
0B35
0754
0379
024C
022D
01D2
0072
FE29
FDA0
FF02
0109
0107
FDF9
FB86
FA8C
FBEA
006C
05DA
0B8B
1088
1290
127A
1098
0D54
08BA
02DF
FDBB
F8A6
F648
F704
F623
F3F8
F296
F2DD
F698
FBF6
FDC0
FA4E
F6D7
F66F
F52C
F08A
EA7F
E795
EAB1
F143
F650
F7E6
F69D
F61B
F7F5
F78F
F468
F1A1
EF3B
EBCF
E5BB
DE86
D9A7
D688
D485
D571
D8DE
DD4C
DE28
D97F
D5BF
D5A1
D812
D8FF
D4C4
D0F1
D31D
D9A4
DB56
D45F
CB2A
C658
C7BE
C9CB
C963
C55F
C196
C3DC
C905
CCE8
D03C
D564
D89F
D99B
DC70
E13E
E841
EBCE
EAE2
E97B
E963
EA61
E856
E1A0
D949
D525
D5F6
D87D
DA8D
DACC
DB61
DDF6
E119
E5DF
EB17
EF34
F2E9
F51F
F497
F2EC
F4B1
F94C
FE1B
FFE0
FE9F
FF8D
00E1
006A
FE7D
FC40
FC66
FD6D
FF2F
0171
03AC
06DC
08CB
095E
099B
0AD5
0C98
0AC6
05FC
FFA5
FA66
F984
FAE3
FE38
0299
04E7
068D
0806
0917
09A4
081E
05EB
04C2
0309
0014
FDC8
FD3A
FF16
00F7
0023
00FF
037D
0421
02C4
FE70
F992
F5F0
F380
F0C2
EE30
EEB1
F192
F4D5
F5D7
F413
F34F
F4DB
F53D
F2BE
EF0D
ED30
F0C7
F7F2
FDD7
011F
0346
065C
08FE
0909
0754
04DB
02EC
030E
061D
0B05
0DB7
0BF0
0A13
0AF4
0D68
0E97
0C7A
09E3
0903
0B47
0D2D
0AF0
070B
0612
095B
0D7D
0F80
0DC4
0A1C
07EF
06A9
04D6
01BE
FD4D
FB58
FDDB
006C
0396
057A
03B0
0275
0220
0403
079F
0A2A
0990
0609
0314
02DB
053B
035F
FE30
FB63
FA93
FB0E
F9BC
F64C
F13A
F250
F9F1
0171
0826
0B41
0C8B
0F50
12A6
1470
1419
10FF
0CEB
0AC2
0875
06B8
0530
03D0
03D9
04CF
0806
0B71
0C7F
09D8
0510
01F4
02B9
072A
0BED
0F13
12CA
17DE
1BD2
1BFD
1815
14CB
1380
0FBE
0A63
0693
0644
0923
0C6D
0EFF
11F1
1711
1BBB
1CB3
1A4A
15E7
123B
101E
0E12
0CBB
0DB3
0F76
116D
13C7
1481
1482
1574
176E
1A83
1DE2
1F9D
203F
22D6
2552
238B
1FD5
1E59
1F57
1FDC
1C99
15D0
0E88
087B
05B7
0616
0663
0629
06EA
09B9
0D36
0D9A
09D5
05B2
04C2
06A8
08F0
08F8
052D
00E4
FF0F
FE73
FFA4
024F
04A6
062F
06A0
0629
030C
FCC2
F788
F621
F772
FB50
FF96
014D
004D
FB7D
F414
EC5E
E68F
E44F
E3A2
E27A
E218
E34D
E460
E462
E4D5
E72D
E8A1
E6C1
E31C
DF31
DD8B
E185
EB27
F65B
FD2E
FFD0
035B
0800
07E2
FE1C
F28B
EE09
EEE0
EF3D
EC2B
E8AC
E8A0
ECF4
F2E3
F7A4
FB15
FD37
FB81
F4D9
EFD1
F04C
F27E
F40E
F7C7
FEFA
06B9
0B75
0C92
0D97
0D12
08A6
0409
01C4
00AF
FFCA
FFA8
025C
083D
0DFC
126D
1645
185C
1769
14B3
1290
0FFC
0E4B
0EE1
0F62
0FD7
10AF
130F
1646
172A
14E2
0FAF
0B1B
0978
0816
04C8
0176
00C2
0388
093C
0D81
0F94
1037
0C46
06DF
0467
030F
003A
FB8E
F8D0
FACD
0003
05CD
08BB
08D9
08C6
0642
0118
FBC3
F6F7
F258
EF95
EFAF
F0D7
F2CE
F480
F590
F65F
F703
F754
F5CF
F28D
F056
F0E3
F4AD
FBA7
0180
056A
0B1F
0FCE
113E
10C1
0E13
078D
FEB7
F777
F2DE
F0AF
F090
F2B4
F6DE
FB28
FD9E
FDC4
FC87
FAA6
F807
F225
EAEF
E704
E6E9
E75B
E4DA
E190
E0FD
E39E
E54A
E54B
E420
E18D
DFE6
DF88
DF87
DF29
E167
E8CE
F127
F466
F272
F1AA
F329
F1A0
ED8E
ECD1
F0C6
F5A0
FA64
FE73
FE44
FBD3
FD0B
00D3
02E8
036F
0158
FC3B
F7E7
F72B
F8FC
F896
F722
FA9F
01B4
06C8
073D
0675
067D
0492
016D
0144
0453
05CB
047F
04BE
0A17
119C
1557
1536
134D
0F8F
096C
026D
FDB9
FB82
FC5D
0033
02DE
032E
03B1
0674
08A9
07B7
06A5
0772
089C
0873
06AF
03BC
0114
FF78
FDC8
FCC4
FE3A
0016
FF68
F958
F000
EB82
EC52
EEEB
F293
F4A6
F597
F992
FE10
FEE6
FAFF
F5C1
F376
F2C1
F3C3
F687
F996
FBC6
FCBC
FD7A
FC0D
F745
F274
F034
F032
F19F
F236
F189
F26F
F413
F62F
F831
F7CC
F865
FAF1
FA0F
F669
F464
F42A
F3E8
F168
ED29
EA3E
EAC0
EE33
F197
F33A
F2E1
F2A4
F4B7
F5B2
F325
EEA5
E869
E2B9
E203
E4F7
E7F1
E64D
E050
DC9B
D8DD
D41A
D2F3
D3CE
D41F
D4C9
D6EE
D919
DAE1
DB6B
DCCD
DDEC
DB36
DA7B
DC9A
DC20
D73C
D079
CC66
CD00
D0FD
D3E3
D4F2
D26C
D058
D2B0
D2EA
D0F4
D00C
CFE9
CE62
CE8C
D0FD
D1CB
D3E4
D578
D6D3
DA49
DDC6
E0FF
E1B8
DF2E
DABA
D7CA
D840
DA5A
D9B8
D6A3
D701
DA05
DDFF
E2EB
E6E1
E997
EBCB
EE6F
F284
F72D
F892
F852
F880
F5B5
F122
EEAC
EE15
EE19
EF7A
F1C3
F43C
F481
F08D
EB4A
E705
E413
E399
E4AC
E652
E83B
EAFC
EEF5
F11A
F1C8
F3EF
F74D
F9A3
FA81
FA9F
FA4F
FA6F
F924
F5D0
F202
EFF6
F240
F5FE
F7A4
F5A0
F2B9
F12A
F027
F0C9
F1D3
F1CA
EFBF
ECE6
EC5F
EEA7
F279
F560
F73F
F921
FAAD
FA4C
F720
F508
F5BF
F758
F89E
F8E7
FAC7
FE90
0183
01BC
0009
FF2B
FF99
016E
0380
05DA
098A
0C13
0D2D
0D1E
0B87
0899
057F
019B
FC0B
F9CC
FCA8
0039
0096
FE51
FEA6
03F3
092B
09E0
094E
08A3
0929
0D39
1067
10A4
1100
1356
165C
1926
1B34
1AC3
17B4
15EF
1826
1A1E
186E
13F6
0FE1
0EE0
117E
1711
1A45
19E9
18C8
16EF
1528
14CA
145D
12CA
1313
17EA
1FFA
251A
2496
215B
1E0F
1C4F
1CBC
1DDB
1E13
1D9E
1E6D
2055
1FBE
1D82
1B67
1A1D
1CB4
21FB
25AA
2672
2641
268A
2682
253C
2209
1E4D
1B97
1B2B
1E75
220F
244B
25BE
25A4
24DC
2298
1E9D
1B16
1857
1651
16F0
1AE1
1EB1
2021
1FFE
1F68
1FC0
218C
256C
2A45
2BF5
2A3B
2A03
2C21
2CE4
2B49
295A
29CF
2C50
2CF2
2AF0
28EF
27CA
2824
2AF2
2E41
2F77
2DD9
2B74
2A65
29B5
28DA
2787
250F
21E3
2067
20B7
1F67
1E63
1E5C
1E75
1FAA
2161
21C8
20F1
1F8F
1CC8
1C0C
1DD8
1D4C
1BB3
1B74
1AF1
1B3E
1B5D
1962
1626
1315
1386
15E2
1500
124F
1079
0DC5
0CCB
0D08
0A1A
075B
07A5
0A8E
0FB3
1685
1C7B
1C4E
171F
13DE
1542
1951
1BAD
1925
1638
17D8
19C2
1669
0D76
051D
0238
0376
05E5
0532
0483
0782
0E14
15F4
1A86
1C62
1CD0
1C73
1BCF
1B50
199C
161F
152C
17DA
1D8E
20EE
1EF8
1BC1
18CE
162A
1265
0E0B
0792
00E1
FE7A
016E
09AC
11C1
159C
171E
198C
1E85
23C3
264E
26C4
26F2
260C
25BF
258D
22A4
1D6C
17E8
140A
12BA
13AD
13AA
108B
0BF1
081F
0574
046C
04F7
0556
0535
0533
04F1
03E2
016A
FE33
FC47
FADD
F8C5
F83F
FBB0
01C0
0726
08B3
0638
0557
05B4
0294
FE37
F8BF
F32C
F1C1
F317
F46B
F3A7
F1B8
F2CC
F739
FAE4
FB16
F993
F85E
FA1E
FD82
FED2
FEA7
FFD9
0465
09A8
0B86
0970
05BF
01FE
FE59
FA14
F48B
F034
EF21
F273
F9A3
01AB
057D
041F
0365
032D
010F
FD56
F835
F31C
F013
F195
F389
F11A
ECF6
E999
E73A
E777
EA8D
EC53
EB49
EA3D
EA11
E93F
EAC4
EEF2
F279
F61C
F904
F9EB
FAFF
FBE3
F705
EE99
EB00
EDBC
EF6C
ECCA
EAAE
E8C1
E817
EB44
EF14
F014
F07F
F547
F925
F7B3
F2B3
F03F
F3DA
F945
FD14
FF8E
01DB
0281
0469
072F
080D
06D8
0556
0547
0513
062C
075F
0608
050E
0511
03DE
034D
06A5
0C5D
0DAB
08BB
02F8
FF8B
FFED
02BD
03A4
020D
014E
0426
0892
0CC1
0E35
0A70
0673
056F
03CD
0037
FDB3
FE3E
FFDB
00BA
FF33
FADC
F5AA
F07F
EFD2
F34A
F4D3
F4BC
F420
F296
F042
ED96
E999
E3D0
E07D
E19E
E657
EC6C
EED9
ECD3
EBCE
EEF2
F349
F6E0
F8DA
F816
F82C
FB6C
FEB6
000C
FFA7
FDD6
FC8E
FDB1
FEC0
FBB4
F556
F049
EEB3
F057
F2B1
F292
F18A
F1FF
F2EF
F493
F73D
F880
F7E4
F8F6
FC32
FD15
FBCB
F9A1
F589
F0AD
EC87
E920
E664
E459
E4C1
E8D1
EBED
EAB5
E82B
E915
E8F1
E305
DCAA
DB94
DE4D
DD97
DA17
DA82
DF3D
E4A1
E693
E365
E134
E415
E590
E2AE
DF89
DDC0
DD51
DEC9
DFF5
DE98
DCF9
DC82
DB27
D742
D491
D696
DA8E
DB8E
DBFF
E024
E415
E927
F0FA
F7B1
FB1D
FAE9
FA13
FB6F
FA47
F4EC
F201
F299
F311
F0F2
ED0F
EBEF
F004
F3DD
F30F
F314
F61B
F98C
FC86
FD6F
FDBB
FEB8
FFE3
011F
00A5
FFB1
0184
0483
054E
04ED
0500
04B0
0459
03AB
01F8
00D1
0187
043E
0812
09CE
097A
0922
06FD
0278
FE36
FC1B
FCEA
FF6F
0133
01B6
00BD
0013
008D
003F
0000
FF19
FC48
FAA3
FB80
FBD0
FAC1
FAB4
FBA4
FBDD
FA6D
F7D8
F711
F851
F8ED
F8FF
F9E9
FAF0
FB86
FC72
FD43
FDD8
FBFE
F947
FA65
FC74
FCD2
F9FF
F2D6
EB22
E72B
E81B
EA94
EC6E
EEE9
F39A
F9C3
FF46
0483
0821
0796
04E7
05D9
087C
060A
01B4
FE90
FAA9
F6F2
F3B0
F2E0
F647
F99E
FC86
01AD
0676
0926
0A2A
08A3
04F1
05F7
0C2F
110A
1290
1205
11F3
11FC
1096
0D98
0B3E
08BE
0793
09CB
0A8E
09F7
0994
07E6
0707
0A6A
1017
13BA
1403
1051
0D8B
0D4A
0A86
0725
0686
0811
0BB4
0F71
111F
11E5
116C
1058
1165
13C6
1682
18DD
19E5
1C1F
1FC3
229F
24DA
266B
270E
2804
2AC2
2D23
2B35
2689
228B
1F6E
1F4F
20AC
1EBF
1CAD
1CE1
1EDE
222A
229D
1DBE
1413
092F
0180
FBDE
F805
F5E3
F5B9
FA97
00D6
0689
0D9D
149B
1A73
1CB2
1AA7
1793
14DE
1157
0B96
05CA
041A
070F
09E2
08F8
0487
FE4D
FA77
FB4C
FCD3
FD52
FFD3
0453
0A0F
10DB
16BC
19C3
1804
123B
0DA7
0D0B
0C2C
0820
02D1
FF78
001A
006C
FD66
FAAA
F99B
F825
F43B
EEC3
EADF
EA95
EC61
EEA3
F19C
F2F4
F49D
F89F
FA37
F9B4
FA75
F80B
F10F
E944
E237
E00C
E0CC
DF86
DE1A
DD7E
E108
E8FE
F003
F3CA
F528
F345
F047
EFE8
EE9A
ED47
EE6D
EEC5
EEDF
F11E
F2E9
F035
EB88
E88D
E8F5
EA82
E6DB
E0E7
DF22
E28D
E7E0
EA7D
EB74
EF24
F2EE
F310
F134
EDBE
E9BC
E6DD
E6E0
EC44
F347
F832
FD34
0466
0A71
0BFB
0A1D
06A6
03D8
029D
0212
0070
FDD3
FDA5
00F5
04C1
079E
0B45
0F05
11E7
1458
1565
15EC
1689
15BB
1377
1311
168E
1AE3
1DA9
1DA6
1B0A
1774
1482
139B
1358
13E1
14EC
1592
172A
188B
18B5
18C9
1909
199B
1B35
1D54
1E7F
1FD7
2031
1C03
1581
0FDB
0E3F
10C9
12BE
1078
0B4C
07C8
062F
05D5
072C
0976
0C32
0EEF
105D
11CE
13A3
1238
0E5B
0AEC
0925
0932
083C
0621
04FB
04F3
0590
06D6
0881
096A
087C
05A9
023A
009C
0130
0111
00F1
01E3
0084
FCF3
F9BF
F799
F651
F45D
F1B2
F123
F32D
F57D
F690
F476
F0D1
EF8B
EF1E
ED16
EB4C
EC3C
ECF6
EA43
E756
E867
EB60
EB33
EA7B
EC2F
F096
F6B7
FAAC
FBCB
FC6D
F9F1
F1D8
EB42
EA76
EB38
EBD8
EE3C
EEFB
EDD0
EEF4
F19C
F4F0
F83D
FD52
0460
07A5
0798
07C2
0689
01A1
FE81
0170
07E7
0D25
0FCD
146D
17A6
1550
1317
1343
1276
10D4
1045
1207
171B
1BDE
1DA3
1D2B
1D89
20E6
2398
24FD
25CE
26F7
2901
291D
2625
222E
2216
2625
2912
289D
252B
20AF
1DA0
1B91
1799
128C
0F59
0CB3
0C55
0FAE
12E4
1482
13C4
1178
1108
1315
14AE
12DC
0EB0
0C6D
0D92
0EAC
0DFE
0C62
0938
06A6
05BA
0359
FF35
F9E7
F552
F325
F2BE
F29D
EFF2
EB95
E942
EA76
ED04
ED4D
ED41
F03B
F610
FBBD
FDBE
FC68
FAC0
FA80
FBD6
FCA4
F96C
F41A
F1D6
F17D
EEBE
EAD1
E748
E400
E3BA
E72E
EB7E
ED99
ED05
EB14
E78E
E2DA
DE28
DBF1
DA60
D671
D2F0
D31B
D6F4
D9CC
D9E3
D7FB
D428
D114
CE8E
CCE0
CF74
D349
D4E0
D627
D9AB
E033
E745
EBE8
ED3A
EB8E
E87D
E3E4
DB2E
D284
CE24
CC0E
CA58
C8E1
C9A8
CCC0
CF80
CEFD
CDBC
CFB6
D315
D48E
D30C
CE3B
C770
C32D
C3E5
C822
CEA3
D5A9
DCCC
E4F9
EB0B
EB59
E6E6
E28B
E1B3
E0EE
DCBB
D74B
D39A
D2A5
D3AB
D4AC
D64D
DBBC
E1CD
E5DB
E9C3
EAFD
E931
E839
E8C0
E8A9
E765
E592
E4E5
E6C8
E8D5
E9B5
E836
E57D
E4B7
E50B
E6A5
E81A
E88B
EA31
EC2F
EEC0
F262
F61F
F887
F8D2
F757
F147
E795
E0B6
DE6C
DE41
DE28
DCCB
DB39
DAD9
DA29
D91A
D7C0
D4A1
D265
D408
D992
E05E
E4F6
E7A4
EA2D
EE8F
F4FE
F9AF
F9FD
F6B7
F245
EF68
ED8E
EA70
E6DB
E384
E1DB
E2EC
E548
E809
EA65
EB3E
EA7D
E9ED
EB36
EBBE
E99C
E6C9
E4B8
E4CB
E5E6
E6EC
E726
E53E
E50A
E7CE
E76D
E1EA
DC11
D8D2
DA83
E043
E646
EE10
F48C
F7CC
FA88
FA27
F6F3
F40E
F3BD
F68E
FB60
FFC6
03D0
095C
0E02
100C
0E0E
0898
03ED
03C2
0523
02F2
0152
0149
02D4
05CD
0959
0DA0
1053
1559
1C4F
1EB3
1C05
17DA
15EB
15CE
16A8
19D8
1F44
2460
2982
2F55
33B9
33ED
301A
2D56
2B86
29E2
2979
285B
26F6
277C
2B62
3069
331C
3433
352C
36E8
37B1
3596
31EB
2EB2
2DB8
2F0D
32A8
37E2
3D2B
4084
4065
3E68
3ACD
3639
30A2
280D
1F1D
1AD6
1CC3
2072
212D
20AB
217F
246D
27FF
2940
2975
2813
2534
250B
25C0
244C
2245
2090
1F86
1F91
1E11
1A58
179C
1592
1364
108E
0C43
0A46
0BE2
0D1F
0F07
14D9
1CCC
23FE
286A
29F3
2B2A
2D92
2E69
2CCD
2A6A
27D7
25EA
23C0
2025
1BBB
16A6
120D
1142
14D6
18E9
1B6A
1D55
1CE6
19F5
1697
11E3
09F5
007D
FB05
F9E3
F95D
F831
F7F4
FA6E
FDD6
0302
07D5
0738
04F7
05B0
05EE
023D
FD85
F7DA
F465
F4D6
F462
F482
F93A
FFCD
03E3
0614
054D
024B
FF36
FE91
04EA
0ACB
0BA2
0EE6
1236
11A9
103F
0D5D
0887
02AC
FE1A
FE07
FF0D
FE97
FF3F
01CF
022A
01AE
0571
0A2B
1029
191E
1FEB
227F
21AB
1ED6
1BEC
17D8
140B
1385
12ED
11DA
11CF
1033
0EDC
104E
120E
11B8
134F
1879
1EDC
2524
2A31
2F95
35FD
3ADA
3C4B
3B0F
3710
30B1
2971
2376
1F41
1A10
1454
1146
1329
187A
1B0C
19E1
191F
17ED
17BA
1B6B
1D79
1B2B
1714
12D5
0FE2
0DC7
0B35
0760
0336
0065
FEB7
FC52
F891
F466
F103
F220
F73B
FC1C
FF91
FEE9
FAA9
F78C
F87C
FBBC
FD26
FDD2
FEAE
FE19
FD07
F9BF
F48C
F1C8
F2AB
F5B3
F68E
F401
F0F3
EFA5
F03C
F23A
F5AF
F8EC
FAB0
FB66
FC4F
FD2B
FB25
F6B6
F2AD
ED44
E64D
E32B
E482
E4F4
E1FE
DD63
DAFF
DE38
E306
E3BD
E342
E510
E820
EB6F
F034
F40C
F174
EAEF
E92C
EBB7
ECEF
ED5A
EBF9
E911
E6ED
E685
E4BC
E0D9
E114
E526
E8E9
EA0C
E960
E989
EAA2
EB5C
EB02
EB38
ED08
ED11
EB4E
EB24
EAB0
EAE3
EC03
EADB
ECC0
F391
FC0C
0489
0BDE
0F4A
0DA1
0935
0368
FDB1
F6F3
EF72
EAA8
EB0F
EF19
F319
F626
FA30
0041
06A1
0AB6
0C84
0E7C
110B
13EE
165B
1739
17FD
1898
188B
17DE
166C
1585
13EA
0FD9
0BCC
07F6
024F
FC8F
F8B4
F7E4
F930
FB21
FDEC
031E
0A63
0E3D
0B9C
060F
021E
0066
0067
01A0
0279
02CD
051A
0800
0742
020D
FC3F
F90A
F5E6
F412
F40B
F316
F06C
ECF3
EB5C
EA96
E7C5
E46C
E4E4
E92C
EBED
EB82
EA89
E8CA
E730
E789
E899
E9E9
EB49
EC28
EC15
EB35
EB89
EE9E
F42A
FABA
0062
0279
012F
0036
004E
FF30
FAF1
F420
EEA5
EABC
E43B
DAE3
D272
CF01
D36B
DBD9
E225
E577
E99D
EF0F
F0BB
EE31
EB9B
EB5A
EC10
EC6B
ECD6
EF8F
F506
F941
FA4C
F777
F110
EBE6
EB1C
ED38
EE82
EC59
EA15
E9DA
E84D
E3C4
DFC4
DECB
E090
E4EA
E811
E645
E216
E054
E144
E381
E391
E3F1
E8F5
ED39
F0E8
F585
F768
F5E5
F20C
EDC1
E96A
E5D4
E2F9
E264
E5BD
EA32
EF0C
F475
FA48
FE66
FF34
FE0E
FC38
FD9D
022A
05B3
05DA
035B
01FF
02ED
04D8
05FE
0776
0821
054F
02AB
0006
FA92
F4F8
F10D
F0BA
F434
F8E3
FE32
03C7
07E8
0980
0B66
0E11
0D8A
09EA
0642
0479
035C
013A
0086
040D
08F2
09C3
0797
0567
0329
019A
FFA6
FB7E
F704
F5AA
F84B
FD03
FFC5
FE74
FCCE
FD8F
FEDF
00C0
01EF
FF5F
FBA0
FADA
FD29
00AE
0297
0229
00F6
FEEE
FC9C
FB17
F924
F6C2
F639
F852
FB58
FCDE
FAFA
F761
F4F7
F2E1
F084
ED18
E5CA
DD71
DAEE
DBBC
DA49
D9CB
DCC0
E0C1
E4F1
E9AA
ED60
EE29
EE87
EF1C
EF9F
EFC8
F007
F2F5
F805
FFB2
07FD
0E05
0FA2
0AD4
028D
FC03
FBE8
FDF2
FDA4
FD18
FE2B
025E
0724
0B64
0C39
09ED
0968
0B7D
0D2D
0C75
0C0F
0C7C
0E10
11FF
1873
204D
2355
219B
215A
2243
204C
1C9E
185F
14AF
1443
163E
1ABF
2101
26D7
2963
272B
21D1
1DB4
1B7D
17BF
1453
12D5
135C
16F1
1D33
257E
2D1A
31E9
34C1
3785
399C
388C
33FE
2E80
297C
2397
1E15
1AAB
1810
1672
1843
1BB7
1D85
1DE2
1DE6
1E6C
1E11
1B4D
16DC
130D
11F8
11FA
117A
1014
0F4E
1043
10CE
0FF4
0E9C
0DAD
0DFB
0FDC
1195
127E
1238
0FAD
0BCA
0901
075B
064C
07C1
0A56
0C23
0C8D
0A21
0718
0594
0561
0678
08AB
0AFA
0D77
0FE0
1016
0EF2
0E81
0F62
12B4
177F
1A0B
19B9
1949
18BD
14CC
0DAC
04E2
FBEC
F56B
F07E
EC2B
E8D0
E839
EB7C
F0B2
F467
F5BD
F5F8
F55B
F5BB
F5A6
F416
F27C
EFBB
EF29
F227
F645
F925
F965
F7E4
F70F
F871
F7A0
F41D
F4EC
F833
F8E3
FA76
FB8F
FB44
FB49
FBC5
FCF7
FC84
FD5F
021C
04AB
0017
F94F
F891
FACA
FB17
FCB2
FD77
FB61
FA6A
FC09
FD15
F9C0
F4C8
F243
F27B
F1E5
F15B
F49B
F962
FEF0
04ED
098B
0BD7
0B16
07E2
02DC
00E7
02DB
052F
0917
0B87
0C36
0E59
114B
1602
1A85
1B96
19A0
16A5
12E8
0DEB
0A32
07C4
0580
0789
0DF1
137A
167A
170E
15E1
1498
1267
0E33
0A12
0759
0733
0B61
0F7A
0E79
0B3E
0A83
0D35
10E0
109A
0C91
0AE7
0B0D
0A33
095B
085B
0703
0643
0652
07D6
0BA0
102A
13B2
149E
1358
1155
0EAD
0B9A
0812
0539
0404
0250
FF76
0051
05F7
09AA
091A
072C
06E4
077F
08B6
0A99
094D
065A
04E8
03C0
0202
FFD9
FDC8
FC20
FA4A
F71F
F1BF
EE16
ED77
EC4F
EAF7
EBA5
F0CE
F88F
FB57
F598
EEBF
EBD4
E8ED
E4BA
DF20
DB4E
DE65
E51E
EA03
EBA0
EB9A
EB73
EA72
E8FF
E9FC
EAE1
E8E4
E6AE
E4BD
E377
E4EC
E7C8
E7DB
E7E1
ECF1
F275
F216
EC55
E6E7
E539
E386
E269
E709
EE80
F3A6
F730
FA71
FB3E
F9B1
F74A
F5E4
F9AE
FF56
01FB
03DE
0600
08FE
0C24
0B3B
07FA
05BE
01EE
FDA2
FD87
00C2
0370
052E
0778
09ED
0DBE
1303
1593
1550
1551
1630
177F
175D
13B5
0F1E
0C4F
0AC5
0CB9
1372
1ADB
2016
1FC9
1AA8
15D4
113A
0AD9
022C
FA76
F7EC
FA2D
FF80
04AA
0665
0623
0642
06EF
06F9
050A
003B
FABF
F7A9
F6C7
F70B
F522
F1E9
F1F3
F4F1
F8DF
FB46
FA63
F72B
F660
F9D6
FB32
F893
F533
F3AF
F4E8
F4B7
F178
EE40
EBC2
E9E4
E98B
E876
E5DF
E4FF
E437
E26A
E351
E6DD
EA9F
EEBD
F12B
F1D6
F42F
F370
ED56
E609
DED9
DB70
DA78
D75B
D299
D160
D45B
D881
DC6B
DD62
DB10
D6D9
D333
D386
D893
DDE5
E112
E424
E76D
E81F
E3D0
D9C2
CE69
CAF0
CBD1
CA88
CC35
CF13
CDE2
CCEE
CE62
CF7E
D0C9
D2D4
D51E
D762
D888
D963
DB91
DF60
E2E8
E68D
E8F2
EA67
EED8
F17C
ECB0
E2D1
D9D7
D491
D0C7
CC6B
C955
CB4C
D102
D8AF
E296
E9AD
EB40
E8AE
E3BB
E1EF
E4D0
E7CA
E919
EA97
EC9E
EE97
F093
F00D
ED9B
ED23
ECF5
EB9B
E9C4
E753
E5E3
E5EE
E520
E300
E300
E653
EBBD
F22A
F636
F804
FA47
FA55
F72E
F4EE
F622
FAAC
FFB7
0180
006A
FEB2
FDFE
FECC
FEAD
FB6F
F5C3
EF5D
E983
E638
E71D
EC78
F228
F559
F691
F6F8
FA68
FE4D
FE31
F99B
F054
E853
E765
E862
E858
E809
E696
E7CF
ECCC
EFAB
EDB9
EA8D
EA3D
EED0
F410
F5D0
F719
F965
FA18
F8F2
F7AE
F532
F1FD
EF2B
EB76
E962
E9AF
EA5B
E877
E4D8
E46E
E63C
E664
E297
DE26
DCB0
DE4A
E2D2
E5FA
E646
E4B1
E46F
E770
EC92
F2FC
F799
F9DA
F84F
F463
EFD1
EB28
EBAF
EF1C
F138
F552
F9D5
FB1C
FC5B
FDE4
FD9F
FE28
015D
0611
069E
027A
FEE7
FC2A
FB3B
FAC0
FD56
068F
0E40
13EC
1C23
2400
27AB
271B
26E5
2847
2A0D
2BA2
2AD0
2780
2481
2617
2B78
2F94
3155
314C
31E9
3437
36D0
365D
32F7
3067
2F21
32EB
395C
3C16
3DAE
3F57
3F29
3DA3
3C9A
3B85
395D
35AD
3250
33D5
38EB
3D85
402C
40C3
3F9C
3E82
3C66
3918
3629
30D6
2A37
2906
2E72
3618
3CE1
409F
42A5
4369
410E
3BFA
34BF
2C80
2539
1FBC
1C84
1ACD
1968
199C
1BEA
1FEA
23FA
25F4
259C
22D9
1E5E
1B12
1AD8
1BEB
1D8E
20DB
2414
235E
1F0D
1BBD
1AE5
1A36
19C6
188F
1611
15C4
17E9
19B9
1958
1853
17E8
1776
158A
11CB
0D0D
06DD
01DB
0094
018F
018B
FFD8
FFCC
009E
FFAD
FCB5
F926
F7F9
FAB3
FD11
FCBE
FD57
FD9B
FE18
0142
02DF
0120
0251
03F0
FD7B
F3FA
F0FD
F51D
F76F
F32D
F04F
F114
F051
F16C
F5BB
F823
FB20
01EA
07BF
0A0C
09F1
07DC
0710
06B8
0544
0806
0BC9
0B0B
0A7C
0D07
1034
12F2
145F
1174
0D74
0DD4
10D1
1305
1230
0FE4
0F52
125D
15A8
15BA
1542
16B3
1ABF
1E0F
2065
2440
27A5
2993
2B85
2E80
3177
342E
358D
3416
30FB
2BFC
24E1
1DDE
1A6B
1B82
1F69
2436
27CC
2A69
2DA3
2F4D
2F43
2F94
2D30
27F5
2388
219F
2185
225F
2197
1DAE
1A69
1AAF
1D9C
1F15
1D33
1926
148F
10E7
0D55
0989
0402
FD30
FC01
FFEF
01D9
022F
031C
054C
089B
077D
011F
FA92
F75E
F8A9
FD76
025E
045A
04E4
033E
FE47
F9A9
F6E3
F587
F559
F45E
F261
F175
F19D
F1A9
F184
F014
EE96
EFD1
F0EA
F00C
EE51
EC41
EA90
EA6D
E8DA
E53F
E1E0
DF08
DF7F
E1E9
E41F
E587
E3CB
DD78
D8CE
DB1A
E27F
E9A9
EB1B
EABE
EB79
E908
E063
D6DD
D3EC
D382
D24B
D20D
D2D6
D778
DCBD
DE17
DE4F
E108
E79D
EAF4
E69C
E2A0
E566
EBCD
EE03
EB1D
EAA0
EE71
F299
F53E
F500
F2B9
EF1C
E985
E662
E7E8
EA19
EAA2
EBAD
F194
FC9B
05AE
0787
0706
0894
0913
07D1
07D8
0A2B
0C09
0A79
0647
0487
0742
07DC
04D7
0309
0252
0185
FFB9
FDDE
FE5F
FD63
FB4F
FD43
00ED
036A
0612
0A40
1006
16EB
1C83
1F6B
1FA6
1D9F
1B4E
1918
1808
1740
14A0
1030
0951
02E9
FEF5
FB31
F6FE
F47F
F545
F8CB
FC81
FD6C
FC48
FB40
FB7F
FD65
010C
0633
0A27
0B0A
0858
039E
000B
FD3C
FB34
FB34
FD1D
0067
01A2
FE8B
FAF1
F8DC
F68C
F3ED
EF89
E8D9
E490
E3CE
E35B
E27A
E141
E16A
E3E5
E5A9
E47A
E0E5
DE75
DD5C
DAD3
D7B0
D676
D695
D557
D493
D642
DC59
E4AB
EAEC
EFF4
F52A
F8D4
F821
F69B
F5E7
F44F
F3C8
F251
EE34
EBD1
E6F3
DF40
DCDF
DCF5
DC61
DECF
E39F
E85D
EBE8
ED21
ED0C
EBDA
ECCF
EFFE
F123
F12A
F126
F279
F5B1
F938
FD0C
012B
0395
03E6
039A
036D
0141
FCFD
F9A7
F62A
F245
F0D7
F129
F1C8
F453
F799
FA61
FD1F
FC67
F8C1
F871
FB26
FCE5
FCEA
FBC6
FC11
FE6B
00B5
011D
FF55
FEBA
00C6
0257
FFFB
F9E4
F639
F781
FA46
FD96
00E7
0356
0592
074D
0699
03DC
FF65
FA17
F8DC
FA11
F9F1
F979
F8F5
FAEB
FF7B
025C
01EF
0129
0187
0127
FF0A
FB1E
F6D3
F4D9
F55C
F46C
F32B
F52C
F922
FE45
0261
037A
043B
03F4
01AC
00FA
0120
009E
0015
0060
034F
077A
09BB
07CD
01A5
FAE4
F4A2
EEAF
EC31
ED0E
EF72
F354
F812
FCC9
FF92
005F
0056
FE3F
FBB2
FAC4
F8F5
F3BE
ECAF
E81B
E797
E862
E78E
E74D
E9AE
ED42
F102
F230
F0CD
EC2A
E3CA
DD91
D9A7
D90A
DCFF
E269
E883
EDD3
F254
F1F2
E835
DF01
E112
E6DD
E7A6
E6F4
E67F
E908
ED6E
EE10
ECC5
EC08
EDEF
F0A6
F13A
F221
F5FD
FB5F
FED7
0072
0422
0B55
10F8
139B
141A
1054
0B6E
0880
0632
029E
023B
0769
0D75
154C
1E54
22A4
23FE
265B
2607
2059
19C0
1785
1A6E
1E39
1F14
1EB9
1FD3
2392
29DC
2E1F
2DAF
2B0B
289C
2740
24A4
2067
1E4A
1F6A
20E4
20DF
1FF1
1EEE
1E32
1F11
2236
24F9
2709
2830
28A6
2ACF
2BF1
2BBA
2BF2
299F
2352
1C31
1765
1520
14B0
139A
1338
14AD
1382
10E8
0FDD
0E02
09A8
05FC
0679
0A8D
10D3
15D4
154F
12CE
1061
0E57
0FCC
1266
1390
1405
137F
10B3
0C00
0721
02B5
FED7
FCA9
FE14
00FF
011E
FFE2
FF84
FF35
0013
01A4
00F3
FF3A
006A
02D2
0149
FC0D
F7A5
F794
FAD7
FEB6
0202
0438
065F
066A
02B3
FE02
F93B
F371
ED80
E9C8
E7E9
EA18
EFD3
F360
F6A2
F9C2
FBBB
F894
F03A
ED94
F061
F0B8
F0B8
F21B
F0EA
EDDE
E9F5
E788
E766
E81D
EB41
ED0D
EEE0
F3B8
F68B
F7B2
F847
FB0E
0174
040F
045E
061F
03AD
FD79
F7D7
F2AA
ED4C
EA74
EDD8
F4C8
FB11
02D2
0ADD
0E27
0EED
0D9B
0771
FE63
F6AE
F3F4
F3F4
F3F7
F551
F812
FC71
0297
0668
05CE
03AB
02CB
029B
004F
FB49
F677
F575
F8F3
FFE0
0797
0E5A
1266
1404
152D
154E
15E1
17C6
1839
16FE
1690
16B6
1634
151A
1417
131D
101D
0A57
042F
00B2
FFAF
FEA5
FCA8
F900
F4EA
F45F
F85D
FD5E
FFF7
FEBA
FC99
FD59
0049
03D4
06D0
080C
0773
07EA
0AEA
0D8F
0CC6
0904
0512
0260
FFE0
FC73
FA44
FC11
0151
075F
0BEF
0E41
0EEC
0E62
0C7D
0953
03EB
FDAD
FA3D
F8F6
F9AF
FC92
FD4F
F9E7
F5D7
F47C
F640
F7C4
F372
ED09
EC4F
EFC1
F263
F0CD
ED78
ED2D
F245
FAB1
FF41
FF07
0003
0256
00EB
FA2E
F440
F5D6
F942
F9AE
F9BB
F6E9
F259
EDDE
E7AD
E248
E03C
E193
E295
E190
E2F7
E8E9
EE43
EFEE
F117
F5B0
FA53
FBD7
FECA
0239
0306
020B
FF9A
FD60
FB11
F663
F2AB
F363
F6E3
FA23
FB1B
FBF9
FFE8
0352
002B
FAF4
FD57
0546
0CA5
101B
111B
142E
1847
1A1F
180B
1443
102E
0AFD
06AB
02A7
FE67
FB61
FA45
FE37
0717
0EF1
1377
15FD
176B
184C
15FE
10E8
0C50
07C2
05BA
07AD
0AB2
0D13
0F19
118F
1481
1826
18F4
14BC
0ECF
0983
0613
05FB
072C
05CC
02FB
027A
049A
061B
050B
03D6
055B
088B
0A87
0A78
0933
0918
09A6
087B
04AE
0106
0040
FE77
FB7E
F80F
F53D
F5F5
F7E6
F9DB
FBD4
FC74
FBAE
FADB
FB4E
FACD
F6BC
F09B
EABB
E7FE
E860
E7FD
E5C4
E1D9
DE80
DEB4
E13D
E2B6
E157
E02C
E0FB
E529
EA9D
EA66
E4E6
DE74
DD9D
E550
ED74
EEEB
EBB7
EACE
EC53
EADF
E19C
D842
D71B
D88B
DA67
DBAC
DB03
DAD4
D90F
D5D6
D4EC
D628
DAA6
DD97
DA2D
D70F
D675
D5A5
D3AF
D19D
D1F7
D4BA
D903
DC38
DE1C
DEF3
DE85
DFF7
DFA7
DBBE
D9B5
D8E1
D877
DBB6
E099
E2EF
E406
E58F
E6E0
E5B8
E40E
E680
EAAC
ECD2
EC9D
EA6F
E7E4
E75C
E54A
E059
DC57
D96D
D87B
D82B
D502
D322
D60E
D9FB
DEDD
E577
EA56
EE71
F089
EE57
EB5F
E8CD
E653
E3EF
DF51
DB13
DB67
DCEB
DE69
E096
E0F5
E1F0
E5C3
E756
E46C
DF6A
DB67
DC11
E0A8
E5DA
E8D1
EAF6
F136
F960
FF74
02F5
03BD
02B5
0074
FDB5
FB59
F9E2
F9C9
FABA
FB5D
FA51
F8B1
F6C7
F361
F113
F048
EFE3
F23E
F746
FC27
FFAF
018D
0027
FC82
F7D4
F1E8
EBAB
E494
DF10
DDE1
DE89
E002
E44D
E9BF
EBBC
EBDF
ED98
F019
F11C
EE37
EAF5
ED3A
F16A
F1A0
EEAD
EB33
EBCD
F34E
FBC7
0000
0112
00A3
FD03
F66B
EF91
EB5E
EBBC
EBF8
EBF5
EDEF
EFB7
EE2A
EA2F
E876
E8DE
EC7E
F2A2
F5BA
F695
F860
FB7A
FE2D
FD89
FBD4
FC42
FCFF
0000
065E
0BC2
0DF7
0E5A
0F8A
1143
12ED
140C
1467
160A
1898
18FE
14B0
0FE3
1008
10F6
0F55
0EEA
1296
185E
1D4F
2192
2621
299F
2AE6
2C50
2FF6
3427
36BB
37DD
3731
33A5
2FE8
2E72
2DF1
2CF7
2D1E
302B
353F
3850
3856
37C4
3585
33AD
333D
32AA
3279
3158
3039
3287
3779
3A38
3AAA
3ACF
38D2
35C8
34C2
33C2
307F
2D69
2CE2
2DF5
2E55
2DD8
2E36
2F2E
2F53
2F44
2EF3
2E3E
2F93
3119
2FC6
2DB4
2DFD
30C8
3213
3144
2FCD
2D8C
2CEB
2ED1
317E
329A
328C
33B4
34DC
356B
3568
3379
2E21
2635
20BD
1DB4
18F9
115D
0A76
08B6
0C08
1039
1152
0ED6
0D12
0F51
117A
11F3
1292
15A1
1A94
1ABA
1424
0EAC
1108
1946
1EF1
1B61
14FD
13AC
1369
0EF8
05E4
01CC
064E
08D2
0799
05EF
06AF
07D7
0232
FA82
F83A
FD7B
0589
06F2
02D7
0318
0922
0E4E
0E1C
0BB9
0D45
0F74
0EE8
0E7E
0ECF
0B21
05D4
0705
0943
086A
0831
0730
06FA
086F
0703
018B
FB6C
F819
F882
FC4A
01F6
0707
0B38
0F49
1419
1997
1C55
1A84
15EC
14BC
18BD
1C12
1BAA
17FB
12E6
0FE4
10E0
12E5
13AF
1529
18AA
1ED0
24C4
2665
232B
1D3C
1825
15FF
15C2
15FF
1669
161F
171B
190F
1754
151A
1673
183F
1839
15D7
12FE
11BA
10EA
1122
11AA
112C
11D5
15AF
1B57
1ECE
1D1A
182A
1321
0FA1
0D1E
07F6
01AA
FDC6
FCCF
FFA7
046D
0626
0324
FF98
00A1
049F
05BA
0306
FE41
F9D7
F93C
FBF4
FF38
FE18
F885
F590
F610
F4CD
EFD7
E95E
E6C3
EAFE
EFE2
F19F
F287
F471
F797
FB49
FE35
FD7F
F921
F41B
EF0E
E8C0
E310
E1DA
E5ED
EC8A
F08C
F3B0
F6D7
F4B2
ED09
E4B6
E333
E5EF
E62C
E5B3
E5B6
E7FE
EA76
E930
E53D
E251
E3AA
E3B4
DD6E
D5B7
D2F3
D4DB
D7C3
DB36
DF9A
E522
EA78
EFCE
F4E2
F585
F280
EFCE
F035
F31D
F515
F499
F28D
F13C
F3B8
F71A
F6E8
F4DD
F34A
F2C8
F334
F50D
F834
FBE8
FF60
0366
0818
0AFD
0AB7
06CE
01FE
00D6
02D0
038A
0173
FE6C
FC51
FC4B
FC7C
FD63
FF3B
FFC7
0103
0446
05DB
02E6
01D3
04ED
0552
022D
FEBE
FD49
FF09
00D3
FF89
FD91
FCC8
FB6E
FB17
FD6B
FF1E
0145
05A6
09A0
0C99
1004
12E8
1356
1040
0AA9
077A
071E
05A5
00FD
FB36
F70E
F54D
F560
F5B2
F78F
FD5C
062B
0CB4
0C99
06C9
016D
01F4
033B
0021
FB2C
F703
F69B
F9AE
FC05
FB72
F9C8
FA4D
FAFF
F957
F618
F1DD
EFB2
F01D
F0C9
EE08
E5AD
DCFB
D895
D6D1
D559
D51F
D46A
D61D
DA92
DA80
D927
DC0E
E23C
E8B3
EBFC
EDD9
ED97
E5E8
DBD7
D53A
D44A
D569
D463
D64A
DC21
E54D
EE39
F074
EE8A
EE83
F2CB
F71D
F5C8
F225
F1C9
F25E
F0FC
F1A9
F559
F6FC
F62C
F69D
F92F
FA5F
F7A6
F218
ECF9
EC04
EE65
F103
F4C9
FB04
027E
0929
0BF5
0C05
0BF3
09AB
0783
0A02
0DE1
101C
102A
0EED
0FD7
10CC
0CB5
052A
FF83
FDBE
FD97
FBB7
F811
F5E5
F816
FC10
FD80
FC92
FA3F
FA23
FD74
FFC4
00E0
0022
0071
0625
0C9B
0FB9
0DA5
0945
07DD
07E0
064E
0285
FC43
F542
EFAF
EDC9
EE25
EE3B
EE7D
EF14
F1E0
F5A2
F7E5
F859
F778
F629
F4DB
F559
F806
FA55
FBB3
FE61
0203
0566
078C
0713
0552
02D1
FFEE
FDB8
FB3A
F8FB
F964
FB5E
FCD4
FE07
FD21
FA5F
F9A4
FAF1
FB07
F8EF
F75E
F7EC
F8A9
F563
ED45
E5D5
E213
DFD6
DC45
D6C8
D4B0
D820
DCAC
E1CF
E80F
EECD
F496
F7AD
F7ED
F4D9
F331
F621
F9D3
FAC0
F981
F76A
F14E
E5A4
DBC3
DB65
DF37
DF9B
DD31
DAD7
DBE7
DF8D
E1A9
E124
DFAA
E159
E4B1
E4EF
E472
E5C3
E840
E96F
E9C5
ED7D
F1AB
F2A1
F36E
F4DA
F4F5
F529
F624
F5A9
F3AE
F18A
F0AC
F3FF
FB59
0077
0101
0183
03F5
05EF
0583
04A1
07A9
0EE0
14EA
17E3
1BA4
2234
2706
2653
2421
231F
228E
20CC
1BE9
1703
1568
1764
1B33
1E60
200E
203E
202D
212A
2393
2621
2698
2516
2482
25BA
26FB
274F
249A
2035
1C41
18F0
18C8
18BE
1498
0F13
0CFE
1079
156C
1641
1519
1579
18A3
1E34
200A
1C13
1793
1652
1732
1625
1237
0DD8
0B29
0C56
1125
1674
1AB2
1D25
1CF0
1C70
1D4E
1D55
1C4C
1B51
1ACB
1A90
1898
139A
0E2D
0C67
0DA7
0E33
0DA7
0CA6
0B88
0A60
0748
03CD
0335
02C7
FF0E
F8CA
F3CA
F448
F850
FA3D
F98E
FB9E
029F
0925
0A4D
0959
0961
0C4B
1363
17BE
15C0
1261
1097
0E1D
05F0
FBD6
FB10
FF74
0242
038B
01DB
0174
0289
021A
007D
FFAF
0285
0599
0599
05E4
08EE
0C1C
0AED
0710
064A
0700
0627
05CB
056F
02D7
0044
FDFB
FCBE
FF2C
04BF
0A16
0B76
0BFF
0DC6
0EF7
0F0C
0D3D
0C9E
0BB9
0789
04C5
03E8
0133
FCB6
F95F
F8F0
F973
F978
F9F0
FADE
FDD5
0336
06AD
0659
0527
039F
0190
00FB
0073
FF50
FE44
FC55
FB63
FD67
0249
0907
0F48
14C2
1993
1C14
1BC5
191D
1627
1490
1302
0F35
096E
037E
0078
0196
02DC
01FF
FFB6
FF99
03EC
090B
0CB3
0D95
0C65
0B6D
0B04
0A78
068B
FFD6
FB57
FBB0
FF0D
0103
FF21
FC0D
FB79
FCDB
FE4A
FE8C
FB88
F86E
FAC3
02CF
0ACF
0BE5
0932
078F
080A
087B
060F
01FA
FCEA
F878
F540
F261
F16A
F201
F22C
F1FB
F2DE
F658
F90C
F897
F72A
F759
FB38
FBFB
F553
EE10
EC99
F345
FC2E
023C
04A4
049D
03C8
0081
FA5C
F4C2
F34C
F1E6
F009
EF43
ED66
EC6F
EC82
EB4E
E8FF
E91B
EDE6
F2C1
F67A
FAE4
FDA5
FE67
FE9B
0013
028E
02CF
FE7F
F874
F4FA
F2ED
F053
EBDA
E56B
E089
E110
E621
EBC6
F265
F8CF
FC3A
FD34
FC93
FA63
F65A
F3CA
F625
FBCB
004A
02CB
053B
0604
043C
0151
FDD6
F96D
F4A4
F29D
F488
F838
FAE3
FBA1
FDFD
020A
04E9
05A5
03F7
0308
025C
FF22
FA88
F5D9
F34D
F443
F820
FC95
005B
046D
0736
0856
08CE
06B1
015D
FA53
F3CB
F223
F5D9
F803
F71D
F711
F94D
FCDB
FEE0
FF1D
FF4A
009E
0449
073D
07C3
08E1
084A
0712
0892
088D
046C
FF7F
FDEB
FE28
FD31
FB17
FA47
FC36
FEA0
0199
0523
05B9
031C
003D
FE2E
FB44
F64D
F0C2
ECA2
E92D
E68F
E753
E9CF
EA7F
E80E
E314
E0BF
E0E8
DF30
DC76
DAEA
E0C8
E9F5
EAC4
E4BD
E073
E03F
E211
E479
E571
E7E3
EC96
EDA6
E7FB
DF88
DE4E
E648
EA7C
E73C
E387
E0CF
DF81
DD02
D843
D466
D2AB
D6B6
DEDD
E58C
E8B0
E756
E4B1
E1C9
E152
E610
E7E9
E65D
E86A
EC2E
EC89
E892
E374
DF76
DA2D
D497
D2DA
D4C9
D87E
DBF0
DF46
E1E8
E252
E121
DE15
DA2D
DADC
DF58
E2A0
E4B7
E5E7
E793
E7C5
E36B
DE63
DC21
DC51
DDAB
DF0A
E017
E0F6
E178
E1D5
E2EA
E3C2
E428
E347
DFBA
DDC2
DE18
DAD2
D643
D2DA
CE9E
CC86
CF38
D47D
D87B
DBEF
E00A
E4F5
E9EC
E90B
E14B
D7FF
D356
D5E3
D9FD
DAA3
D8A2
D74F
D93B
DC4F
DE6A
E01F
E187
E312
E54C
E71C
E6C8
E56C
E6EB
ECDB
F242
F47D
F7ED
FDF1
036D
0618
05DC
0492
03E5
0336
0211
0234
0370
0333
011F
FFA6
FFFE
0085
FF8B
FE5E
FD38
FAE3
F90B
F8E7
F9B0
F8E0
F6E0
F602
F38C
EF80
EC75
EC8A
F077
F46F
F307
EC6A
EA6C
EFC2
F779
FFD7
05AD
0712
07A3
0837
05C9
FEE2
F854
F8A3
F9FA
F85B
F81A
F909
F9FE
F845
F59B
F6CD
FAF7
00BE
0740
0BC0
0BB6
09BC
0794
040F
0058
FF88
FFBE
009A
067F
0B18
0A38
08EF
076C
054A
0331
0213
02AD
0573
0A46
0EA2
1197
140E
1453
1351
1405
1486
1642
19D6
1C68
1FD0
22FA
23FD
2537
2699
26D9
265C
25D5
24CE
2339
2137
1EEE
1E1C
1CF3
1A84
1C2A
221B
2569
2486
2347
220E
21C9
236B
236E
20A2
1EE8
220D
270F
27D9
2520
238E
2639
2A59
2AC8
297F
2A6F
2E0A
31D0
336B
327D
31A6
31C2
321A
32DF
3188
2FEF
30AA
3109
3053
2F6C
2FBE
2F7A
2DC6
2E2E
30EC
33CE
3548
3494
3335
330A
318C
3069
330E
34D3
32A8
2DE0
2A18
293D
291C
29AE
2A7C
2B12
2C0F
2C2E
2A30
279A
272C
2802
2845
2880
2798
25CD
26A8
2815
2553
20D0
206E
2548
2852
250D
2072
1BD5
18CF
1B4A
1CA4
18D8
1500
1385
129F
0FBD
0E8B
13EC
19AF
1BB4
1D7D
1F37
1E74
1AA9
1738
15A8
14BF
1518
160F
16CC
180A
18CC
1792
1365
11DE
16B9
1A51
1BBB
1EE9
2299
2501
24BF
2298
203A
1E74
1D7C
1B0F
17AE
15A5
1351
10E2
0F46
0E7E
0F05
0D8A
09AB
08C6
0990
075B
0488
0505
08A8
0C7E
0E25
0DDF
0D48
0C3C
0A7D
090F
0788
05E2
055E
048C
02B6
0300
054B
0866
0C80
0ED5
1037
13BB
180B
1C65
204C
2028
1C37
1705
1159
0E35
0AC0
0613
0410
020C
FE2A
FBDB
FC1B
FD93
0094
03E8
055B
04B5
0451
0680
0A4A
0B3E
098B
09E5
0C2E
0D5D
0DE9
0EE4
0F96
1212
14D3
1360
0F00
0A95
0754
045F
012E
FEF4
FCB7
FA36
F95D
FA2E
FA97
FA13
F9D7
FA1A
F963
F8F1
FA5D
FA1E
F595
EEE1
EA4E
E89A
E843
E85D
E572
E211
E366
E4D5
E419
E58C
EBF9
F47C
F8FD
F84E
F64B
F6BE
F89C
FAFA
FA51
F5F0
F3FB
F371
EEEE
E5C4
DDDB
DEFD
E3EA
E32B
E221
E44C
E76C
E832
E500
E20C
E1BE
E416
E82E
EAF4
EC33
EF57
F0EF
EF03
ECCB
EC39
ED33
EC1C
E86B
E37B
DE37
DB00
D9B8
D935
D97F
DA89
DC2C
DF50
E577
EB23
ED1D
ED6E
EDD4
EF5F
F294
F60C
F72D
F5A5
F2A1
F002
F075
F24C
F25A
EFA6
EB4F
EA97
F06E
F851
FBFB
F9ED
F5E4
F530
F885
FA7A
F8D3
F541
F153
F20E
F665
F6BE
F3C1
F0FC
EF3D
EF44
F00F
EFD6
EFA9
F16B
F353
F3BD
F443
F535
F3D0
F018
ED9E
ECE7
ECB8
EC91
EC6F
EEB7
F161
F193
F02F
EDA7
EE2D
F13E
F492
F94E
FBD0
FBB3
FC54
FD20
FD94
FF0A
0034
FE78
FB42
F7B2
F392
EFBF
EDD9
EE84
EF1A
EFC7
F1D1
F46C
F83D
FD1F
00DA
FF93
FB63
F9E7
F8C5
F55B
EF89
E975
E55E
E3FB
E5AD
E684
E529
E557
E865
EAAD
EAAE
EB88
EE2F
EE6C
E958
E577
E594
E7C6
EB68
EDD4
F0C9
F405
F5A1
F49B
EC9D
DF75
D98F
DC5C
DBAB
D751
D43C
D462
D847
DA27
D92A
D762
D833
DE15
E2EC
E3AC
E44B
E69D
E882
E8E4
EA19
ED61
F0D3
F30D
F4D8
F62B
F5A6
F3D4
F1D7
EF6D
ED0E
EC58
EE7B
F361
F9C7
FF36
0149
00FA
0028
FE4F
FAF9
F95C
FB1F
FEBC
0338
08E5
105E
154E
15AD
13B7
11E1
129D
140F
154B
14FA
11F3
0E9A
0A5C
0624
05E0
0A0F
0EDF
131C
1695
190B
1AB7
1A30
17A7
132C
0D17
06C9
02E6
02F5
0230
0014
022F
0719
08EF
06EE
03A1
01EB
03CE
0833
0B49
098D
0583
0378
03F5
0609
0801
08AD
07EE
0721
06BC
05CC
0642
0853
077A
03DB
02A3
0485
05BD
0569
0368
FF98
FD5D
FD56
FE88
01D2
04F1
06C8
09F7
0C96
0D38
101C
13F1
151D
12BB
0C86
06E3
02AC
FDA9
F9A0
F539
EF9D
EB33
E992
EC8C
F1E2
F5F0
F90A
FBF9
FCA5
F804
F145
EC62
E85F
E718
E97F
ECB2
F129
F672
F800
F49B
EE46
EBA0
EF90
F1D2
F28D
F38D
F122
EEA1
EC38
E97F
E9C6
EC74
F0DA
F412
F458
F4CE
F4EF
F2BD
F01F
F0B8
F4C7
F851
FA42
FB36
FA24
F831
F5A0
F1D7
F000
F13E
F365
F610
F7C2
F922
FADA
FA98
F99E
F8C1
F805
F6BB
F5D3
FB1B
04D8
0D31
112C
102F
1071
128D
125F
1138
0F98
0FB9
1382
17B3
1A98
1C69
1BC4
19BB
194C
1A8D
1BD3
1DFD
22C1
268E
2678
2423
21D2
2192
2374
2465
243A
24BC
2452
2214
206C
21FC
2415
224A
1EE4
1B2F
1750
167F
1623
1348
1098
0ED3
0DDF
0EC5
1123
1497
17C7
1A3E
1E0D
218E
21FD
2082
1EC5
1E8B
1F0E
1AC4
1262
0C8C
0AF0
0BC1
0C1B
0C57
0EFD
1516
1F20
26E6
273B
2417
219D
205F
1E9F
1B0A
165D
1171
0C81
0938
088C
06E8
03BF
039D
07F7
0E2D
11E0
0FCA
09E9
06A7
08F1
0CE4
0E29
0AFD
06D6
0647
09C0
106F
1393
104A
0E62
0F0F
0DE6
07CE
FE5D
FA39
FD85
FD57
FABB
FD8A
0212
0901
112E
1701
1ACA
1D50
214F
24A4
2461
222C
1F1E
1B8D
192C
1991
1A92
18C5
163C
17D6
1B98
1D17
1C48
1BAB
1B1F
1A01
1AEB
1AB3
175A
12E1
0BCC
04D6
FEF6
F964
F6B8
F605
F9DA
031E
0BD0
1227
16FF
1A3C
1BEA
1A63
151E
0FAB
0A93
05B7
0389
02E8
0293
02AA
03DF
0617
0745
0786
062C
032B
01A1
0200
04CB
08E3
0D44
140B
1945
1A0E
19FE
18D8
150B
11AF
0E63
0ABE
0600
FF13
FB7B
FB1B
FAC3
FB46
FACF
FB8F
FEFE
015E
0338
01D9
FCD8
FBD7
0003
04B0
06FE
0744
0687
0615
065E
04A1
FFA4
F84C
F1A8
EF47
F0AD
F236
F1B0
F1BE
F52E
F9A3
FA97
F91B
F919
FA09
F972
F687
F14A
ED00
E9EC
E4C6
E190
E180
E186
E23E
E274
E06F
DBE6
D68F
D208
CF39
D09F
D590
DD03
E5A2
E97F
E835
E8EA
EC39
EF5C
F1B6
F2FB
F4EC
F6CB
F7A3
F5FE
EC9C
DFFA
DBBF
DDB5
DEC7
DF99
E0D6
E3DE
E5E3
E5BC
E91F
EE4D
F30A
F8E2
FC1B
FB95
FC70
FDCB
FDF2
FD1E
FC8F
FC3F
FA51
FACD
FF76
039E
0367
FFB3
FCD2
FCE5
FD60
FCC8
FA53
F771
F7A5
F956
F9A1
F7B2
F413
F1BE
F2C9
F68C
FB9A
FF80
02C6
07B5
0C6D
0CEC
0760
0076
FE13
FEA6
FFC7
0213
0229
FFE4
00AD
024E
015C
FEED
FCA3
FE01
01E4
0549
07E6
07C2
05FE
0698
0999
0B84
0A72
0706
041C
03F9
033A
0031
FC62
F875
F702
F76E
F77E
F968
FCD4
FF65
022A
059B
08F6
0C97
0F56
0F38
0CD9
0AEA
0B48
09D7
0443
FF58
FCC2
FC13
FCFE
FE29
FF83
0059
0104
01D2
015C
014C
0272
03BA
04B6
0321
00E0
010A
0296
03FF
01E5
FD8F
FA14
F814
F8F6
FA62
FAA5
F928
F521
F1E1
EE51
E752
E10D
DF21
E109
E473
E46B
E266
E1B3
E0A9
E001
DFBE
E017
E32B
E6B3
E873
EA06
EB03
E99A
E215
D68C
D08E
D4BE
DBDE
DDBD
DB78
D8C8
D986
DBEF
DD79
DF45
E36B
E9D8
EDDF
EE22
EBB7
E8A1
E4B7
DE0F
D8D4
D85C
DC23
E259
E7CD
E9B4
EA1C
EBA7
EB59
E9C2
E81C
E514
E387
E4BB
E7C3
EB36
ED0B
ED5A
EEA3
F001
ECBA
E627
E266
E2DC
E47D
E41C
E2D0
E463
E6E7
E74D
E783
E9B5
ED7C
F033
EF83
EC12
E7D3
E3A6
E143
E1F8
E2D6
E2F7
E540
E84F
E938
E83D
E685
E5DB
E64B
E712
E934
EC03
EE2A
EF2C
EE63
EC16
E9B1
E791
E36A
DC97
D68F
D2F4
D150
D0A2
D005
D266
D814
DE09
E37D
E784
EA93
ECCA
ED24
ED92
ECA4
E87A
E584
E573
E72B
E9E5
EBD9
EBAE
E911
E61D
E566
E5E2
E740
EA44
EB8F
ECED
F096
F34D
F596
F64C
F55D
F6D6
F888
F8A4
F844
F665
F5EF
F8FD
FAE4
F80B
F383
F23A
F311
F31F
F3D2
F4B0
F418
F3E4
F56A
F633
F2D2
EEA7
ED7E
EEBA
EFF6
EEF8
EDD6
EFC2
F24C
F2AD
F183
EB46
E60B
EC33
F4A8
F7EE
F8DA
F86D
F935
FB13
FA82
F6EC
F406
F5D4
FA21
FAD9
F8C9
FA44
FBA0
F94E
F99B
FD93
019B
041A
069A
0A37
0CAC
0DF4
0E53
0BFE
0728
0341
02C8
042B
0597
0776
09D8
0A76
0A4D
0D01
0FB6
0FB4
1010
11E9
150B
176F
178C
16FA
163E
169B
188E
1BB5
1EC5
205E
2197
22AA
2277
20AF
1E66
1DE7
2022
2294
234E
235C
242B
2543
2628
29CB
2FDA
3180
2D52
2939
278B
2567
2268
20A9
2151
24E4
2844
28B3
272D
24BA
22EE
22BE
22DE
233F
23C3
2245
1EFF
1C85
1DFE
2342
287A
2B2A
28BA
2518
272D
2BD5
2E64
2E14
2D2F
2FAA
3396
35E3
3727
367C
332F
2FD4
2EAC
2E00
2B84
2788
25DE
2874
2A91
297F
2688
24A7
250C
25E8
23BF
1DE9
17EC
12D8
101D
0FCD
0E6B
0B2D
08DE
08F0
0ACA
0DCA
11E0
165F
1809
1802
1A23
1C41
1C12
1ABB
1B3E
1E32
2045
207B
1F3E
19BC
1364
126B
1124
0CB8
0896
0373
FEE4
FC86
FAF0
FA37
F83C
F8CC
FE17
01FA
04CF
0ADA
1296
1511
11B6
0D1F
0A6C
0A21
0B16
0CEF
0E1C
0C72
0A13
0B7C
0DA6
0DA6
0D35
0CD6
0FA0
13DB
1495
13A6
0FC4
089C
018E
FBB1
FAEA
FF03
024A
0306
0417
0682
07DE
0779
07FC
0B21
0E34
0E7B
0AD8
05FF
047F
0374
FF9D
FC4C
FD5B
01B9
0535
0670
0754
07C9
077A
0A16
10E9
1901
1F4E
23D0
27B1
2A28
29BB
268C
21E5
1DD3
1AB7
1794
1379
0C71
05CC
02AC
01F5
0599
0D04
12FE
14D4
1453
164A
1C68
20C4
20C8
1FE0
1EF0
2049
22CB
21E9
1D1A
162C
142E
1991
1DFE
1CEE
1828
12FB
10EB
102F
0DFD
0CBB
0D76
0FDE
1472
179F
155E
0FDD
0C69
0B08
07AC
024A
FD05
F93F
F691
F464
F1F4
EDBA
E901
E6B6
E673
E578
E558
E80D
ED92
F42B
F849
FA5A
FB40
FDA9
0315
06B2
076E
05D1
0066
F75C
EBC4
E035
DC27
DEFB
DF3C
DE5F
DE15
DD46
DF86
E18D
E1F6
E264
E110
E1F5
E615
E864
EA62
ED9B
ED7A
EAFE
EAAB
EA95
E842
E3CB
DEFB
DCF2
DDA7
DE86
E0D5
E418
E4B3
E343
E234
E40C
E625
E301
DE7C
DD59
DEF2
E1E1
E41A
E553
E854
EF45
F680
FA88
FC7C
FC99
FAFF
F793
F23B
EC68
E836
E7DB
E8F4
E984
EAEB
ECD0
F029
F617
FBCE
FE58
FEA0
FD7E
FB98
FB78
FBF9
FB19
F842
F33B
F018
F08E
F2A2
F4E3
F4A9
F35E
F457
F6F1
FBAC
FF38
FCA7
F82D
F6DC
FA07
FE62
FD93
F9C9
F8B1
FA03
FA73
F869
F5BC
F721
FC5B
FFDC
FF96
FE32
FEDC
FF3D
FD72
FAC3
FA5D
FBE7
FA7B
F6E4
F339
F0A0
EFFF
EEF2
EE11
EFAE
F0BB
EF78
EF4D
F062
F246
F55A
F6A5
F52A
F2BD
F076
EFA6
EEC7
ECA1
EB29
E854
E5A5
E527
E42A
E0FF
DC4E
D898
D7A5
DAEB
DDE3
DD63
DD6A
DF53
E40F
E857
E9A9
EA1D
E9E5
E952
E675
DF33
D81A
D8D4
DD29
DD6C
DC61
DC2B
DCD6
DC93
DA1E
D79B
D5E5
D364
D0C1
D108
D131
D254
D4F8
D58A
D844
DD49
E09A
E09F
DE0D
DF2A
E54E
E8AA
E64C
E2D1
E0C1
E294
E618
E7BA
E7C2
E5A0
E630
EBED
F23B
F4BE
F19C
EE88
F0E8
F663
FC74
FEAF
FCFE
FED6
02B8
03A8
0163
FC9D
F950
F99B
FB58
FD2D
FE8F
FDDF
FDAE
FEEA
0063
03C5
07B4
0DFB
1627
1C50
205F
212F
21FA
2141
1BA0
1672
13C3
13A7
15D6
16C7
1680
1563
1179
0E02
0B3D
075F
05F8
0669
0743
093B
0A7B
0C66
0FA0
12AC
1781
1C04
1DEC
1F1F
1EA1
1C58
18D5
14F2
13F6
151A
165E
1780
1728
16B1
16D0
1526
131F
144E
16FD
16C5
1366
0EEA
0AE7
0948
0A79
0DE1
11D3
14BE
1597
142E
11F0
0FC8
0BC0
045F
FDF7
FD2D
FEDA
FE48
FB7D
FB85
011E
05E2
093E
0A49
06F6
03C9
020A
01BB
0164
0092
FFD2
01F3
086E
0D60
0B99
02DE
F760
F05C
EF0F
EE56
EDC8
F034
F3E2
F5C2
F50B
F24D
EFCB
F048
F272
F235
F03A
EFF1
F13F
F264
F300
F580
FADF
FF90
0288
0462
02E3
FD35
F53F
F039
EFC3
F009
F0FA
F233
F38C
F5BA
F7CE
F984
F913
F6B6
F5BC
F6E1
FB97
027C
047C
00CA
FC0E
FA0A
FC26
FE7E
FF66
FF81
00C6
0717
0FD1
14B5
14EF
149C
1600
197E
1CD7
1B2A
162F
1199
0DD5
0BE9
0C77
0EEC
120D
15C0
19EA
1D75
2091
21BC
1DE3
1784
129A
0F9A
0E61
0E54
0F55
1064
1113
12AE
13AB
15E8
1AC0
1DA5
1CE1
1BFF
1D30
1E6A
1ECA
1E84
1D90
1D64
1D70
1BFB
1ACD
1CEC
1FDD
1FBC
1E6E
1CC9
1BD5
1EBE
230C
2597
2670
25AA
23F6
2210
205B
1E57
1CD2
1C04
1A21
1817
17EC
187F
168B
1394
11C5
0E40
094F
0692
05BA
04BB
0550
07A2
0B4D
100E
1253
1335
145E
1522
13DC
0FAD
0B7E
0A0F
0A87
0BDB
0DCC
0DEB
0B60
0548
FBC1
F593
F7C2
FD4C
FFAF
010E
06C3
0F65
14D5
13DE
10BA
11D4
1723
1B97
19C3
13AB
1174
12A0
119C
0E65
0A9C
07A8
0526
0360
0496
0642
0689
0693
07DB
0AF3
0E2C
0F2B
0E14
0E0E
0F5B
0E96
0A67
078F
0855
0750
0229
FE85
FED3
0072
0174
0188
012E
002A
FFE8
01D6
0495
04ED
0378
0226
009D
FF59
FE2A
FC26
F940
F724
F713
F9C7
FEA9
02E3
06B4
0B19
0ED6
1428
185A
1820
16B3
12A0
0C42
072D
040D
0389
039A
02BB
03AE
0501
04C6
04DB
02AC
FF63
FFEF
01D6
0307
0221
FFE5
0208
0632
0843
0A39
0CF3
10F6
14A9
14FF
119D
0BD6
069D
03A1
0188
FF4C
FC6C
FB36
FD38
0015
020A
0235
0122
FFD0
FF20
FFCA
FFA3
FC91
F8C7
F7EA
FAA1
FDF4
FDD7
FA99
F61D
F0FE
ED5D
E92F
E394
E0D2
E1BB
E594
E910
E832
E4ED
E1F8
DF24
DC12
D7F9
D4A2
D755
DD8E
E49A
EDF8
F60B
FB83
FD97
FBB4
F980
F978
F9F8
F57C
EC26
E468
E232
E179
DEC7
DBD9
DB7B
E15F
E902
EB75
E8E2
E65C
EA44
F1A9
F684
F70E
F626
F826
FD12
03E9
06EE
0348
FF24
FD16
FAE1
F6E2
F17C
EC01
EA8C
EE63
F398
F705
F712
F612
F72E
F89F
FA45
FDA7
FF61
00BA
0152
FE33
F9D7
F535
F198
F031
EF80
EFE8
F252
F635
FA77
FB98
F93A
F89D
FBB0
011D
07EA
0E10
110B
0FBB
0D09
0C28
0C90
0BDC
0703
004B
FDC3
FDDB
FCCB
FBFF
FB31
FA96
FB5E
FC07
FC32
FB31
F968
F991
FCE9
026E
06CF
080D
09D6
0D38
0F87
1115
10F1
0F40
0D8C
0C49
0D34
0EB2
0EA3
0BFB
07E9
05AC
0528
0379
FEC6
F9C7
F6F8
F88C
FD46
007C
0038
005F
044B
07C5
0784
04B6
0160
FF50
0011
00B9
FE3B
F9B5
F4D7
F155
F063
F074
EDC1
E95C
E6AF
E657
E7D2
E8A1
E6CF
E35B
E24A
E2BE
E002
DCAA
DB93
DCD2
E031
E265
E230
E09E
DEFE
DE28
DA60
D399
D2FC
D63B
D6BA
D6B0
D4E8
D256
CF31
CBB8
CAA7
C9A3
C9F6
CD2F
CF20
CEC8
CF09
CFE9
CF2F
CE62
D0B9
D489
D608
D5BD
D4EC
D373
D182
D07C
D19C
D0C0
CEFE
D2F1
DAA7
E1EC
E5AE
E64D
E72D
E781
E561
E00E
D836
D270
D24C
D50B
D72E
D6C6
D37D
CFDD
CE9C
D20D
D753
D996
D979
D976
DA81
DBBF
DC5C
DB5D
D901
D8E0
DC41
DFF9
E0EA
DF39
DD62
DD2A
DDB5
DF79
E17C
E0A6
E101
E3CD
E328
E003
DDC9
DDCB
E09B
E272
E0C4
DCC4
D9D0
DD4A
E56B
EA6D
EACB
EA13
EA60
ED83
F30A
F67A
F625
F608
FA33
0098
04B1
04E3
023E
FEAD
FBAE
FC2C
FE0C
FD98
FBBA
F936
F6FA
F6EC
F8FA
FAF4
FC04
FCC0
FEC4
0230
054A
06F6
0770
08A6
0B4D
0E6C
0F8E
0ECD
0EDA
0EA0
0DBC
0C9E
0A29
0589
002E
FD46
FD3E
FDEF
FF1C
033A
0AA6
11A0
1307
10A6
107C
14BD
1A34
1B1A
1909
1A90
1D5A
1B49
1357
0790
00AE
03A6
0864
0A52
0885
031D
FEF7
FC9C
FC20
FE0A
004E
0432
09D5
0F4F
1356
144E
0F8E
07EB
0695
0B99
0E15
0BC0
0AF8
0EFA
135E
1444
1197
0DC5
0C17
0ED9
13B5
15B4
153B
157D
16B4
1790
1887
1810
147C
11C9
121B
145C
1716
1741
150D
145A
14D2
1642
18A6
18BD
180A
1780
1922
1C37
1D31
1E00
1E7E
1DBB
1D6F
1E21
1C7E
17B3
14F0
1756
1B92
1D71
1E4A
1CFC
1B6E
1E03
1F69
1ED2
1FB1
1F75
1E1F
1D56
1BA0
18E1
15E4
148A
1510
1583
1637
1638
15E8
167A
159E
13E7
138C
158E
1B85
22B0
25B8
22D3
1D6E
1B57
1CDC
1FCD
2308
248F
2534
25E2
2714
2822
275B
26C9
27C1
299A
2CBB
2E4F
2B68
274C
23D0
2031
1E18
1E2E
1EDD
1E3C
1C98
1BE6
1B44
18C6
15FB
1434
11AA
0EA1
0CE8
0DFF
11BC
158E
17A9
1A41
1E6C
1FE0
1D4F
1999
1762
17B7
189C
1A4F
1F0B
23BA
23C7
1E1D
1622
14F8
1C26
1FA9
1B1C
163D
14AC
1402
116E
0CDE
09FA
0BA5
12D9
1AD6
1C59
1B63
1C59
1AE9
17E5
172C
184B
1890
18AC
1B93
1D3A
1A03
13F2
0DC4
08D5
0404
0210
03B7
05FE
07DF
092F
0BFE
0FC2
112A
0E05
08F3
07FF
0AB0
0DC0
0E00
0A51
0883
0A72
0BAF
0B48
098D
0791
063B
05CE
0633
0313
FD1B
F9A2
F935
F980
F8DC
F764
F7C4
FBFB
036D
0B5B
0FD3
12AF
1608
1741
1922
1C5D
1BC0
1824
1416
0FF3
0E01
0D18
0A6A
0675
011C
FCF7
FDCB
012A
0368
0379
0309
0559
0BE9
12F7
155E
14C2
14ED
1710
1924
17A1
143F
12AC
12CB
124B
0E79
0821
026B
FE35
FB5C
F9DE
FB50
FF96
03A8
0674
0826
08EF
09D8
0B5D
0CA9
0B0A
066D
039B
04BF
0708
073C
03F4
FEC7
FBBB
FC5B
FEB4
FD59
F5ED
EFF1
EFFD
F2DC
F501
F5A6
F85A
FDA2
0014
FE91
FB8D
F66F
F2AB
F4DF
F7DE
F8A6
FA3C
FACA
F7C6
F2DD
F1A4
F41F
F2E9
EE40
EC96
EC7E
EC67
EDED
ECA2
E90D
E898
ED71
F2E5
F3BB
F2D8
F144
EADF
E398
E23E
E3FA
E533
E7DF
EE94
F445
F6F2
F8E7
F70F
F12D
EA9A
E604
E441
E462
E700
EB33
EBEE
E9B3
E8DD
E7FE
E70D
E7B4
E9E1
EDA0
F06C
F347
F7D1
FA0A
F8D8
F5D3
F403
F4FB
F5F2
F4D7
F262
EEA7
EC7C
EDA7
EE6C
F040
F539
FB5E
FF13
FEF0
FD3A
FB06
F8F8
F809
F6AD
F20C
ECE9
EC4F
EE88
EFEC
F0AF
F0A1
F0E7
F39D
F4C4
F20B
EEE0
ECCA
EC86
EFEE
F62C
FC6F
017F
04B9
0648
068E
03D8
0079
00C3
01D4
FECB
F8FF
F549
F3D8
F0AE
EC74
E8ED
E3FD
E0D4
E2D9
E417
E2E7
E29A
E385
E665
EAA6
F083
F7AC
FC69
FC00
F7D5
F271
ECB3
E85E
E614
E3CA
E1FF
E2DD
E4BB
E576
E680
E6A9
E3D7
E175
E345
E674
E63B
E29C
E091
E27D
E4C5
E426
DF9A
DC11
DD2A
E0A4
E3D0
E64B
E811
E7A7
E673
E43F
E0FC
E223
E747
E74A
E377
E3C1
E4AB
E2CF
DFB8
DE2E
E185
E52B
E6D1
E7D0
E669
E641
E76A
E59C
E28B
E376
E675
E6DC
E76F
EAB2
ECB3
EBF3
ECE7
ED73
ECBF
EB3A
E8AE
E7B9
E93E
ED0E
F0BE
F419
F9E4
0040
01C9
FEA3
FA75
FA60
FF5F
0240
0032
FCC4
FA87
F90B
F872
F919
F9C5
FBE4
009C
058A
072E
05EC
0458
03CE
03E5
03E9
035A
0182
025A
074D
0AF3
0A2D
0834
07A1
0834
0B9A
1039
1268
1321
14B7
178A
19CC
1890
1487
1130
0EA7
0C27
0B1E
0B0F
0B04
09EF
08AA
0A5F
0D29
0DB6
0A60
04C5
02EF
0693
0AC3
0AC7
0857
0836
0AE0
0F79
1409
13FF
1184
114B
0F35
0A04
06E1
06AB
082F
09D0
0ADA
0C69
0DBF
0DEC
0C5E
0909
055A
02DA
01F5
0306
0500
065E
063C
04AF
0198
FEBF
0061
0289
00E6
FE10
FB75
F965
FB98
FE69
FD88
FB67
F9B1
FC9F
0111
02E5
044A
057E
0780
0BA9
0E23
0AAA
03D5
FFD3
0198
016E
FA4C
F3FB
EF22
EA3A
E8F6
EA4C
ED10
EF54
F288
F71C
F957
FC49
004E
00AC
FDE4
FCCE
FCBB
FC99
FDA2
0040
03BA
0610
0697
03EE
FEB1
F8E9
F43D
F239
F30A
F6E3
FD35
032F
0601
0650
0372
FD27
F9A3
FC8E
0144
035C
03D1
0409
049E
0431
0351
0571
09DB
105E
1848
1D0E
1C4D
1792
13A5
11E9
1065
0F96
0D38
084B
05E8
0609
047A
0094
FD0D
FE09
022B
0640
0AC3
0ECE
1126
143C
1856
1B1C
1C05
1AAD
17FD
13E5
0F39
0CE7
0BB9
0C18
0E3B
11C6
1655
17A0
13DE
0D66
0A11
0E4B
16CB
1CE4
1E61
1F14
2257
2623
27CA
264F
2151
1C90
1B3C
19FF
14C2
0D7A
0A3C
0B44
0B62
0A9F
0AD8
0CA2
1034
11F6
1091
0F4D
0EB2
0E09
0DAF
0CCE
0B76
0A1C
0918
0863
0838
0693
0370
01D6
015C
00B7
FD88
FA72
F9D5
F9B1
FAD3
FC2F
FE8F
0132
026E
0718
0F09
1532
17D4
16A7
1173
0A44
041D
0380
06F1
05E7
02D5
0196
0035
0099
00DD
FF7F
0029
0666
0EB4
113E
0E34
0C25
0B63
0982
08B1
08BC
08FA
0AAF
0DFF
1162
1183
0F50
0D64
0C79
0D4A
0C46
06DA
00E2
FD53
FD5D
00B6
030C
03A0
0558
0854
0CDD
10F8
10F8
0EBB
0DB7
0D65
0BE6
08DA
05AB
0479
02D2
0117
010B
FFC8
FBDE
F70A
F67B
F949
FB54
FFA4
0706
0EBB
1522
18AC
17F2
1495
1134
0EE9
0C75
065E
FE62
F896
F73C
F9DE
FCC8
FDCC
FCE0
FC4F
FF8C
0355
0274
FD78
F8B3
F8D3
FC36
FDB3
FC1C
F9FC
FA98
FE20
00F8
0130
006F
0021
0018
FED1
FC0B
F879
F4BF
F3DB
F596
F49A
F191
F1D8
F45A
F591
F615
F70C
F8AE
FA5E
FB89
FBAE
FA04
F81F
F43D
EE55
EBF5
EC59
EC9C
EC71
EC92
EE39
EF3A
EDE8
EAF7
E717
E3A0
E1A5
DE6E
DB5A
DA0D
D879
DABA
DFE5
E5CD
E9C3
E62A
E347
E68A
EB93
EFAC
EF28
EC39
EED3
F500
F4DA
EBE7
E03B
DE29
E52F
E8DF
E903
E771
E5EB
E727
EAC9
EECC
EF06
EF08
F247
F5ED
F6F5
F816
F8C0
F539
F342
F709
FB38
FB5B
FC39
0094
050B
0966
0C54
0A41
03B2
FDD2
FB38
FB34
FDF1
00E7
032D
0711
0BB3
0E3C
0CD6
091C
07ED
0A5D
0E66
1016
0E6C
0E12
0F51
102E
0F6B
0D10
0BD6
0C1A
0D00
0CEB
0B62
0AE6
0B4A
0982
06C8
071D
093F
0CBF
1209
14CB
13C6
12A9
13D6
14CF
13F4
1420
14F7
154E
15CB
1436
0EEB
0881
043A
0176
FF3A
FF40
0125
03A0
05AC
06FC
0A2D
0EDA
120A
1337
1248
0DE1
0745
0187
FD43
FA2E
F558
EFD1
EF30
F11F
F398
F584
F47B
F431
F6A5
F7FB
F521
F34B
F73F
FC7D
FDEA
FBA3
FA8F
FD94
0140
0092
FD0D
F8FC
F4A6
F208
EF44
EC19
EA2B
E6B9
E142
DC94
DAB4
DA3B
D801
D56C
D404
D31D
D512
D95F
DC38
DDE7
DD62
DA61
D84E
D6D5
D535
D503
D52D
D6C5
DA68
DBB8
D980
D45C
D0AA
D3BC
D6BD
D522
D36E
D217
D114
CF3A
CBDE
CA31
CB7F
CEF9
D40B
D812
D841
D7F9
D813
D705
D76A
D932
D9C0
DA57
DD12
DE3D
DB9D
DA14
DAF5
DC07
DBE3
DBCF
DFFB
E32F
E4ED
E808
E9D8
EA9A
EAB6
E9A3
E59A
E20D
E10D
E102
E0DD
E19A
E51D
E81D
EA17
ED19
EF82
EFB8
EF68
EF8D
EEAA
ED74
EA02
E6AA
E67F
E78E
EA34
ED39
EF92
F090
F150
F45E
F6B7
F70B
F6C1
F4A4
F322
F4E0
F56A
F262
EF46
EDAC
ECB3
ED07
EF44
F1A6
F36B
F4C8
F6EC
FBCB
039C
09F0
0A9C
08AB
0851
0931
07CC
0359
FE3B
FB5F
FC80
FEB1
FE5F
FBD1
F7E5
F662
F8D4
FB7D
FCDC
FC4F
FD26
FFE6
00E3
03F1
07D9
07D9
0695
06F9
0A08
0EDD
129C
1235
0EAF
0BDF
0CDC
0FF7
0FBB
0C88
09FD
0B82
100A
12E9
136A
10F2
0E06
0E0E
0FEE
112D
1065
1041
13A3
1803
1831
144F
1050
0D1B
0BEB
0D2E
0E8B
0FC4
1396
17F1
162A
0E90
0898
093C
0A95
0642
0257
01F6
02C4
0552
07C8
0961
0A2D
0ADE
0C8E
0DF5
0DE4
1013
1464
13E5
13ED
15D3
1421
1281
12B1
12FE
1287
12E1
1393
129C
0FAF
0B99
09DF
0A2A
0CDF
1122
1562
1B96
1F71
1EF0
1BCB
17BF
1832
1AA7
1AC0
1BB1
1DF9
1FF7
2275
25D0
2823
255D
2019
1EB8
2034
20DC
1FAA
1DBE
1AD9
1779
1770
1B7B
1E6C
1F04
21EA
25B7
284B
2948
26B5
230D
2135
2318
25AF
241B
2130
1FD4
1E5D
1C82
1964
15D6
158C
163F
15F2
14F1
1232
0FC6
0F47
10D3
1461
16F1
16C1
1570
1568
1910
1D83
1C8C
1593
0EAE
0F00
169A
1E12
20EA
2156
2308
26EE
297E
27EC
24B4
21B7
1F98
1E6B
1C6A
194E
16C7
1696
15A8
11F1
0FF4
119A
13CE
132F
1149
1115
1279
13EA
1344
102C
0D12
0AA9
0770
042E
01DB
03CA
0B3B
102A
1027
0ED2
0DC2
0E37
100C
110F
1266
167F
1B10
1F42
1FD4
1B3D
1595
0DF9
0646
02D6
016C
0040
FF50
FF94
028A
05A0
0700
0867
09DC
0BB1
1012
10C0
0D34
0BC3
09E3
06E4
0388
00FA
0191
04B1
08D0
08BE
056B
031F
00FB
FF68
FD8C
FB29
F9C6
FAE0
FF81
03D5
04A0
03DE
04F1
0918
0D49
0D1E
0B35
0B18
0AC1
0B3E
0CF1
0C1A
07FA
0403
01DE
0142
01EB
03DF
08F7
0E77
12D1
183F
1BCB
1BCF
186E
13C4
115C
0FB2
0D1D
0BE7
0E00
127E
16A6
178D
14C1
0F7F
0B49
0D22
1226
11D2
0D0B
09E4
0931
098B
08C7
0511
019C
025E
0582
0730
0603
0365
0119
0084
0082
0027
00CE
024E
03D9
0303
005E
FF4E
FE6D
FBAA
F946
FA18
FC8C
FF40
01F5
01D9
FEAF
FCCB
FCCD
FACE
F7A5
F57F
F5C9
F8D7
F8D5
F62F
F6BB
FAEB
01F7
076D
06A2
04E2
0658
05BA
FECD
F266
E770
E178
DC73
D86B
D607
D4F9
D861
DF5E
E542
E89A
E7B6
E517
E643
E957
EB57
EC97
EED9
F22E
F661
F935
F437
E9CF
E113
DE20
E05B
E1A3
DF67
DB9C
D941
D7A9
D6A8
D72F
D78A
D8D7
DBCC
E10D
E668
E907
E9F1
E911
E90E
EA68
EA86
E9F7
E99D
E983
EA08
ECA3
ECF3
E8B8
E2CE
DD6F
DA3E
D85A
D96B
DCAC
DF9F
E414
E877
EAE6
EA64
E92F
ECBF
F4F2
FE49
0626
09B3
09E6
0AF0
0CA2
0AF1
047C
FDB4
FAE1
FB98
FC2A
F988
F5A8
F2B4
F0B2
F2C3
F86C
FA80
FA60
FD35
00DE
042C
0512
02FF
0194
0262
04CF
05DA
02F7
FE24
FB22
FB78
FF47
01F6
01BF
0387
0701
0892
07C0
0572
0252
FE3D
FAB7
F9B4
F8C5
F60E
F16B
EBDD
E9CB
EB40
EADE
E753
E534
E945
F1BA
F726
F729
F62D
F63D
F6D5
F59F
F25E
F195
F315
F514
F596
F268
EE9F
EC77
ED30
EEA4
ED3E
EB21
EAF4
EABF
E7D7
E411
E1B1
E04C
DEBC
DD3C
DAF7
D7E3
D6BB
D6ED
D9D0
DE5F
E0A9
E343
E4FF
E197
DC50
D98C
D869
D799
D6C5
D949
E046
E6C3
EA64
EB6C
E855
E27A
DDCB
DB58
DBB8
DB2E
D921
DB34
DFD3
E19B
E0D7
E014
E068
E30E
E730
E8D5
E739
E622
E692
E721
E6E9
E799
EA91
ED7F
F044
F482
F76C
F772
F681
F3F2
F0DA
EF25
EFF3
F336
F6AE
F90E
F9CD
F9C1
FA6C
FCA0
FE86
FF48
00E8
020E
028E
035A
0554
092A
0C13
0CB1
0C5E
0B2B
0BC6
0FF1
117E
0E74
09B5
0846
0BC9
0E45
0D49
0B88
0BDE
0F37
149F
1905
1B42
1CB3
1DC5
209F
2361
22C7
2049
1DC0
1C78
1D96
1E72
1B58
16EF
131E
106D
10F7
1211
121A
13BF
1670
15C8
116A
0D16
0B2E
0B6F
0B9C
0C84
0E63
1026
125A
1326
1119
103D
11D4
12D0
12FC
128F
1286
12B4
1201
1052
0E02
0E0D
10E7
128A
1148
0FC4
0FE7
105B
0F7A
0C2D
0761
0428
027D
01C7
014C
015C
0269
0232
FF3C
F992
F40E
F145
F1E8
F59E
FA97
FD79
FF5A
0035
014D
0441
04B7
028C
FD47
F6E8
F46A
F459
F3A4
F1F9
F09A
F2D8
F3D5
EC22
E28A
E03D
E4F9
EB22
EC4D
E928
E8FA
EB1E
EE2B
EFE8
EDEB
ED0C
F076
F5B8
F910
F993
F713
F45B
F3CB
F654
F925
F905
F8F4
FA60
FBFB
FDD2
FF4C
FD6C
F733
F1AF
F0A6
F292
F721
FB66
FCF0
FECD
028E
0806
0C94
0E21
0FA6
12ED
16D4
1A8B
1B61
1851
1501
129F
1050
0DB6
0B8B
0C36
0EA3
0F8B
0F3A
0FD1
115D
1323
1441
1672
1928
1A53
1C54
1FB4
22A0
24E7
2815
2A6D
2A5E
2A37
2B11
2B5E
2900
2533
2398
269B
2AAE
29AE
25FA
23D4
2273
20D5
1D67
1975
17E3
1A54
1F45
225B
2389
24A1
25F5
2851
2AD9
2ACE
2807
2401
217E
208D
1C69
1543
0DF7
08A2
099D
0DB6
0E20
0D25
0EB4
1244
147F
12E7
0F82
0DB7
0F9C
161E
1CD3
1FB6
2236
2546
26CF
25FF
22E7
1D32
1456
0B0C
03B0
FE3C
FB0B
F883
F5F8
F687
FB9D
035A
073E
05B7
03F5
032F
02F1
02F8
01D3
0285
0990
1337
1997
1952
1449
0F2B
0885
0220
0232
036B
FF9C
FAE0
F7C8
F7A6
FAA8
FCF9
FDCB
FE65
FEA6
FF8B
FD79
F95D
F9F8
FBBC
FB2F
FAD4
FDD6
041B
08C5
0AA1
0B2B
07D4
03CD
0181
FE8F
FB8E
F8F6
F819
F868
FA9B
FD83
FE8C
FCD5
FA75
FABC
FD3F
0224
0810
0E39
13C4
17F8
1D20
202A
1EED
1B4A
1686
129F
0FBE
0C66
08CC
03BC
FD7C
FB7B
FD16
FF33
021B
04B6
0738
0984
0A3C
0AAF
0B12
0B87
0E52
1124
12F1
15DE
1801
1890
177E
134D
0C4B
061A
0284
FE35
F915
F669
F75B
FA07
FBF4
FBF0
FA8D
F985
FA97
FF30
03C6
0540
068E
085B
0999
08B8
045D
0003
FD54
FBA2
FAD5
F914
F861
F970
FA49
F9FA
F6BF
F4A5
F58A
F59E
F3D2
F1D0
F004
ED89
EBCE
EC96
EFBE
F438
FA78
005C
FFBF
FBC0
F9AC
F6C7
F077
E655
DC36
D58B
D1F9
D0E6
D051
CFBD
D039
D21C
D53E
DA19
DD9F
DC56
D8AB
D7D8
D9FF
DB3F
DD08
E0F5
E536
E9A7
ECA7
E94D
E121
DAB8
D9D1
DBB1
DBFC
DBCF
DE2F
DEB4
DB68
DA1D
DA95
DDFB
E17A
E11A
E1CD
E70E
F011
F8A6
FD8B
FFAB
013E
0218
0267
0277
FFC4
FB63
F8AF
F6FA
F55B
F4A5
F580
F570
F71C
FD5B
0114
0327
062A
08BC
0BC4
0E22
116A
1556
166E
161D
14FF
134F
13FC
1507
144A
13E2
13E7
14CB
14F9
12AE
0FDD
0DE7
0E08
0F4F
0EBD
0D9C
0E5A
0F09
104A
1219
124F
1300
142E
1367
1138
103F
11F4
12A4
1023
0D3D
0A4E
083B
06B1
030C
FEE1
FBA9
F812
F313
EF47
F0C3
F555
F800
F791
F639
F6CD
F992
FB1A
FB82
FC89
FE35
01A6
0293
FFAF
FE76
FD3C
F8D1
F378
EF13
ED49
EEC3
F038
F134
F285
F225
F0D1
EE4B
EADE
E9D2
EAD1
EBE1
EC49
EC24
EC25
EAD2
E7DE
E534
E297
DEA9
D9CF
D574
D09E
CB28
C79E
C63A
C53C
C4CF
C54C
C79B
CB7E
CE71
D23A
D6D7
D9A2
DC06
DEC7
E036
E319
E68B
E701
E5C1
E1F3
DC7F
D46C
CD3B
CFAE
D351
D069
CEDC
CD92
CC36
CDB2
CDAB
CCB5
CC3D
CCD8
CEB1
CD06
C768
C6FE
CA6F
CAA8
CA6C
CCB3
CE39
CB83
CACC
D032
D638
DAA2
DE97
DFD6
DE9D
DF0D
E06E
E05B
DEDC
DD74
DE03
E018
E29B
E38B
E20A
E08A
E235
E8DD
EF52
EF54
ECFF
ECF8
ED3A
EBB2
E7D2
E54C
E7D0
EBB6
EE52
EEA9
EBD0
EA79
EB29
EADE
EB48
EC56
ECDF
EDBD
EFA1
F327
F70D
F84E
F992
FC34
FEC6
0483
08E5
06B3
02F8
018A
02F5
03F6
01EE
FEC7
FC72
FB81
F9C6
F5D7
F2CD
F1CA
F1F9
F30F
F52C
FADE
01C0
053C
068F
0825
0B68
0EDF
0F64
0D46
09F8
06EF
06C6
0911
0B28
0CC0
